entry	page
1	1
2	1
3	1
4	1
5	1
6	1
7	1
8	1
9	1
10	1
11	1
12	1
13	2
14	2
15	2
16	2
17	2
18	2
19	2
20	2
21	2
22	2
23	2
24	2
25	3
26	3
27	3
28	3
29	3
30	3
31	3
32	3
33	3
34	3
35	3
36	3
37	4
38	4
39	4
40	4
41	4
42	4
43	5
44	5
45	5
46	5
47	5
48	5
49	5
50	5
51	5
52	5
53	6
54	7
55	7
56	7
57	7
58	7
59	7
60	7
61	7
62	7
63	7
64	7
65	8
66	8
67	8
68	8
69	8
70	9
71	9
72	9
73	9
74	9
75	9
76	9
77	11
78	11
79	11
80	11
81	11
82	11
83	12
84	12
85	12
86	12
87	13
88	13
89	14
90	14
91	14
92	14
93	14
94	14
95	14
96	14
97	14
98	14
99	15
100	15
101	15
102	16
103	16
104	16
105	17
106	17
107	17
108	17
109	17
110	17
111	18
112	18
113	18
114	18
115	18
116	18
117	18
118	18
119	18
120	19
121	19
122	21
123	21
124	21
125	21
126	21
127	21
128	22
129	22
130	22
131	22
132	22
133	22
134	22
135	23
136	23
137	23
138	23
139	23
140	23
141	23
142	24
143	24
144	24
145	24
146	24
147	24
148	24
149	24
150	24
151	25
152	25
153	25
154	26
155	26
156	26
157	26
158	26
159	27
160	27
161	27
162	27
163	27
164	27
165	27
166	27
167	28
168	28
169	29
170	29
171	29
172	29
173	29
174	30
175	30
176	30
177	30
178	31
179	31
180	31
181	31
182	31
183	31
184	31
185	31
186	31
187	32
188	32
189	32
190	32
191	32
192	32
193	32
194	32
195	32
196	33
197	33
198	33
199	33
200	33
201	33
202	33
203	33
204	34
205	34
206	34
207	34
208	34
209	34
210	34
211	34
212	34
213	34
214	34
215	34
216	34
217	34
218	34
219	34
220	34
221	34
222	34
223	34
224	34
225	34
226	35
227	35
228	35
229	35
230	35
231	35
232	36
233	36
234	36
235	36
236	36
237	36
238	36
239	37
240	37
241	37
242	37
243	38
244	38
245	38
246	38
247	38
248	38
249	38
250	38
251	38
252	38
253	39
254	39
255	39
256	39
257	39
258	39
259	39
260	39
261	39
262	39
263	40
264	40
265	40
266	40
267	40
268	41
269	41
270	41
271	41
272	41
273	42
274	42
275	42
276	42
277	42
278	42
279	42
280	42
281	43
282	43
283	43
284	43
285	44
286	44
287	44
288	45
289	45
290	45
291	46
292	46
293	46
294	46
295	49
296	49
297	50
298	50
299	50
300	50
301	50
302	50
303	50
304	50
305	50
306	50
307	50
308	51
309	51
310	51
311	51
312	51
313	51
314	52
315	52
316	52
317	52
318	52
319	52
320	52
321	52
322	52
323	52
324	53
325	53
326	53
327	53
328	53
329	53
330	54
331	54
332	54
333	55
334	55
335	55
336	55
337	55
338	55
339	55
340	55
341	55
342	55
343	56
344	56
345	56
346	57
347	57
348	57
349	57
350	57
351	57
352	57
353	57
354	57
355	58
356	58
357	58
358	58
359	58
360	59
361	59
362	59
363	60
364	60
365	60
366	60
367	60
368	60
369	60
370	60
371	60
372	60
373	60
374	60
375	60
376	60
377	60
378	60
379	60
380	61
381	61
382	61
383	61
384	61
385	61
386	61
387	62
388	62
389	62
390	62
391	62
392	62
393	62
394	62
395	64
396	64
397	64
398	64
399	64
400	64
401	64
402	65
403	65
404	65
405	65
406	65
407	65
408	65
409	65
410	65
411	65
412	66
413	66
414	66
415	66
416	66
417	66
418	66
419	67
420	67
421	67
422	67
423	67
424	67
425	67
426	67
427	68
428	68
429	68
430	68
431	68
432	68
433	68
434	68
435	68
436	69
437	69
438	69
439	70
440	70
441	71
442	71
443	71
444	71
445	71
446	71
447	71
448	71
449	72
450	72
451	72
452	72
453	72
454	73
455	73
456	73
457	73
458	73
459	73
460	73
461	73
462	73
463	73
464	74
465	74
466	74
467	74
468	74
469	74
470	74
471	74
472	75
473	75
474	75
475	75
476	75
477	75
478	75
479	75
480	75
481	75
482	76
483	76
484	76
485	76
486	76
487	76
488	76
489	76
490	76
491	77
492	77
493	77
494	77
495	77
496	77
497	77
498	77
499	77
500	77
501	78
502	78
503	78
504	78
505	78
506	79
507	79
508	79
509	79
510	79
511	79
512	79
513	79
514	81
515	81
516	82
517	82
518	82
519	82
520	82
521	82
522	82
523	82
524	83
525	83
526	83
527	83
528	83
529	83
530	83
531	83
532	83
533	83
534	84
535	84
536	84
537	84
538	84
539	84
540	84
541	84
542	84
543	85
544	85
545	85
546	85
547	85
548	85
549	86
550	86
551	86
552	86
553	86
554	86
555	86
556	86
557	86
558	86
559	87
560	87
561	87
562	87
563	87
564	88
565	88
566	89
567	89
568	89
569	89
570	89
571	89
572	90
573	90
574	91
575	91
576	91
577	91
578	91
579	92
580	93
581	93
582	93
583	93
584	93
585	93
586	93
587	93
588	93
589	93
590	93
591	93
592	93
593	93
594	94
595	94
596	94
597	94
598	94
599	95
600	95
601	95
602	95
603	95
604	95
605	95
606	95
607	95
608	95
609	96
610	96
611	96
612	96
613	96
614	96
615	96
616	96
617	97
618	97
619	97
620	97
621	97
622	97
623	97
624	97
625	97
626	98
627	98
628	98
629	98
630	98
631	98
632	98
633	98
634	98
635	101
636	101
637	101
638	101
639	101
640	102
641	102
642	102
643	102
644	102
645	102
646	102
647	102
648	103
649	103
650	103
651	103
652	103
653	103
654	103
655	103
656	103
657	104
658	104
659	104
660	104
661	104
662	104
663	104
664	104
665	104
666	104
667	104
668	104
669	104
670	105
671	105
672	105
673	105
674	105
675	105
676	105
677	105
678	105
679	105
680	105
681	105
682	106
683	106
684	106
685	106
686	106
687	106
688	106
689	106
690	106
691	106
692	106
693	107
694	107
695	107
696	107
697	107
698	107
699	107
700	108
701	108
702	108
703	108
704	108
705	108
706	108
707	108
708	108
709	108
710	108
711	108
712	108
713	108
714	108
715	109
716	109
717	109
718	109
719	109
720	109
721	109
722	109
723	109
724	109
725	109
726	110
727	110
728	110
729	110
730	110
731	110
732	110
733	110
734	110
735	110
736	110
737	110
738	110
739	111
740	111
741	111
742	111
743	111
744	111
745	111
746	111
747	111
748	111
749	111
750	111
751	112
752	112
753	112
754	112
755	112
756	112
757	112
758	112
759	112
760	112
761	113
762	113
763	113
764	113
765	113
766	113
767	113
768	113
769	113
770	114
771	114
772	114
773	114
774	114
775	114
776	115
777	115
778	115
779	115
780	115
781	115
782	116
783	116
784	116
785	116
786	116
787	116
788	117
789	117
790	117
791	117
792	117
793	117
794	117
795	117
796	117
797	117
798	117
799	117
800	117
801	118
802	118
803	118
804	118
805	118
806	118
807	118
808	119
809	119
810	119
811	119
812	119
813	119
814	119
815	119
816	119
817	119
818	120
819	120
820	121
821	121
822	121
823	121
824	121
825	121
826	121
827	121
828	122
829	122
830	122
831	122
832	122
833	122
834	122
835	123
836	123
837	123
838	123
839	123
840	123
841	123
842	123
843	123
844	123
845	123
846	123
847	124
848	124
849	124
850	124
851	124
852	124
853	124
854	124
855	124
856	124
857	124
858	125
859	125
860	125
861	125
862	125
863	125
864	125
865	125
866	125
867	125
868	125
869	125
870	125
871	126
872	126
873	126
874	127
875	127
876	127
877	127
878	127
879	127
880	127
881	127
882	128
883	128
884	128
885	128
886	128
887	128
888	128
889	128
890	129
891	129
892	129
893	129
894	129
895	129
896	130
897	130
898	130
899	130
900	130
901	130
902	131
903	131
904	131
905	131
906	131
907	131
908	132
909	132
910	132
911	132
912	132
913	133
914	133
915	133
916	133
917	133
918	134
919	134
920	134
921	135
922	135
923	135
924	135
925	135
926	135
927	135
928	136
929	136
930	136
931	137
932	138
933	138
934	138
935	138
936	138
937	139
938	139
939	139
940	139
941	139
942	139
943	139
944	139
945	139
946	139
947	139
948	139
949	139
950	140
951	140
952	140
953	140
954	140
955	140
956	140
957	140
958	141
959	141
960	141
961	141
962	142
963	142
964	142
965	142
966	142
967	142
968	143
969	143
970	143
971	143
972	143
973	143
974	143
975	143
976	143
977	143
978	143
979	144
980	144
981	144
982	144
983	144
984	144
985	145
986	145
987	145
988	145
989	145
990	145
991	145
992	145
993	145
994	146
995	146
996	146
997	146
998	146
999	146
1000	146
1001	147
1002	147
1003	147
1004	147
1005	147
1006	148
1007	148
1008	148
1009	148
1010	148
1011	148
1012	148
1013	149
1014	149
1015	149
1016	149
1017	149
1018	150
1019	150
1020	150
1021	150
1022	150
1023	150
1024	150
1025	150
1026	150
1027	151
1028	151
1029	151
1030	151
1031	151
1032	151
1033	151
1034	151
1035	151
1036	151
1037	151
1038	151
1039	151
1040	151
1041	152
1042	152
1043	152
1044	152
1045	152
1046	152
1047	153
1048	153
1049	153
1050	153
1051	153
1052	153
1053	153
1054	153
1055	153
1056	153
1057	154
1058	154
1059	154
1060	154
1061	154
1062	154
1063	154
1064	154
1065	154
1066	154
1067	155
1068	155
1069	155
1070	155
1071	155
1072	155
1073	155
1074	155
1075	155
1076	155
1077	156
1078	156
1079	156
1080	156
1081	156
1082	156
1083	156
1084	156
1085	156
1086	156
1087	156
1088	157
1089	157
1090	157
1091	157
1092	157
1093	157
1094	158
1095	158
1096	158
1097	158
1098	159
1099	159
1100	159
1101	159
1102	159
1103	161
1104	161
1105	161
1106	161
1107	161
1108	161
1109	161
1110	161
1111	161
1112	161
1113	162
1114	162
1115	162
1116	162
1117	162
1118	162
1119	163
1120	163
1121	163
1122	163
1123	163
1124	163
1125	163
1126	163
1127	163
1128	163
1129	164
1130	164
1131	164
1132	164
1133	164
1134	164
1135	164
1136	164
1137	164
1138	164
1139	165
1140	165
1141	165
1142	165
1143	165
1144	165
1145	166
1146	166
1147	166
1148	166
1149	167
1150	167
1151	167
1152	167
1153	167
1154	167
1155	167
1156	168
1157	168
1158	168
1159	168
1160	168
1161	168
1162	168
1163	168
1164	168
1165	168
1166	168
1167	168
1168	168
1169	169
1170	169
1171	169
1172	169
1173	169
1174	169
1175	169
1176	169
1177	169
1178	169
1179	169
1180	170
1181	170
1182	170
1183	170
1184	170
1185	170
1186	170
1187	170
1188	170
1189	170
1190	172
1191	172
1192	172
1193	172
1194	172
1195	172
1196	172
1197	172
1198	173
1199	173
1200	173
1201	174
1202	174
1203	174
1204	174
1205	174
1206	175
1207	175
1208	176
1209	176
1210	176
1211	176
1212	176
1213	176
1214	176
1215	177
1216	177
1217	177
1218	177
1219	177
1220	177
1221	177
1222	177
1223	177
1224	177
1225	177
1226	177
1227	178
1228	178
1229	178
1230	178
1231	178
1232	178
1233	178
1234	178
1235	179
1236	179
1237	179
1238	179
1239	179
1240	179
1241	179
1242	179
1243	180
1244	180
1245	180
1246	180
1247	180
1248	180
1249	180
1250	180
1251	180
1252	180
1253	181
1254	181
1255	181
1256	181
1257	182
1258	182
1259	182
1260	186
1261	186
1262	186
1263	187
1264	187
1265	187
1266	187
1267	187
1268	187
1269	187
1270	187
1271	187
1272	187
1273	188
1274	188
1275	188
1276	188
1277	188
1278	188
1279	188
1280	188
1281	188
1282	188
1283	188
1284	189
1285	189
1286	189
1287	189
1288	189
1289	189
1290	189
1291	189
1292	189
1293	190
1294	190
1295	190
1296	190
1297	190
1298	190
1299	190
1300	190
1301	190
1302	191
1303	191
1304	191
1305	191
1306	191
1307	191
1308	191
1309	191
1310	191
1311	192
1312	192
1313	192
1314	192
1315	192
1316	193
1317	193
1318	193
1319	193
1320	193
1321	193
1322	194
1323	194
1324	194
1325	194
1326	195
1327	195
1328	195
1329	195
1330	195
1331	195
1332	195
1333	196
1334	196
1335	196
1336	197
1337	197
1338	197
1339	197
1340	197
1341	197
1342	197
1343	197
1344	197
1345	197
1346	198
1347	198
1348	198
1349	198
1350	198
1351	198
1352	199
1353	199
1354	199
1355	199
1356	199
1357	199
1358	199
1359	199
1360	199
1361	199
1362	199
1363	200
1364	200
1365	200
1366	200
1367	200
1368	200
1369	201
1370	201
1371	201
1372	201
1373	201
1374	201
1375	201
1376	201
1377	201
1378	201
1379	202
1380	202
1381	202
1382	202
1383	202
1384	202
1385	202
1386	202
1387	203
1388	203
1389	203
1390	203
1391	203
1392	203
1393	203
1394	203
1395	203
1396	203
1397	204
1398	204
1399	205
1400	205
1401	205
1402	205
1403	205
1404	205
1405	205
1406	205
1407	205
1408	205
1409	206
1410	206
1411	206
1412	206
1413	206
1414	206
1415	207
1416	207
1417	207
1418	207
1419	207
1420	207
1421	207
1422	207
1423	207
1424	207
1425	207
1426	208
1427	208
1428	208
1429	208
1430	208
1431	208
1432	209
1433	209
1434	209
1435	210
1436	210
1437	210
1438	210
1439	210
1440	211
1441	211
1442	211
1443	211
1444	211
1445	211
1446	211
1447	211
1448	212
1449	212
1450	212
1451	212
1452	212
1453	213
1454	213
1455	213
1456	213
1457	213
1458	213
1459	213
1460	213
1461	213
1462	213
1463	214
1464	214
1465	214
1466	214
1467	214
1468	214
1469	214
1470	214
1471	214
1472	214
1473	214
1474	215
1475	215
1476	215
1477	215
1478	215
1479	215
1480	215
1481	215
1482	215
1483	216
1484	216
1485	216
1486	216
1487	216
1488	216
1489	216
1490	216
1491	216
1492	217
1493	217
1494	217
1495	217
1496	217
1497	217
1498	217
1499	218
1500	218
1501	218
1502	218
1503	219
1504	219
1505	219
1506	219
1507	219
1508	219
1509	220
1510	220
1511	220
1512	220
1513	220
1514	220
1515	220
1516	220
1517	220
1518	220
1519	220
1520	221
1521	221
1522	221
1523	221
1524	221
1525	221
1526	221
1527	221
1528	221
1529	222
1530	222
1531	222
1532	222
1533	222
1534	223
1535	223
1536	223
1537	223
1538	223
1539	223
1540	223
1541	223
1542	223
1543	223
1544	224
1545	224
1546	224
1547	225
1548	225
1549	225
1550	225
1551	225
1552	225
1553	225
1554	225
1555	226
1556	226
1557	226
1558	226
1559	227
1560	227
1561	229
1562	230
1563	230
1564	230
1565	230
1566	230
1567	231
1568	231
1569	231
1570	231
1571	231
1572	231
1573	231
1574	231
1575	232
1576	232
1577	232
1578	232
1579	232
1580	232
1581	232
1582	233
1583	233
1584	233
1585	233
1586	233
1587	234
1588	234
1589	234
1590	234
1591	234
1592	235
1593	235
1594	235
1595	235
1596	235
1597	235
1598	235
1599	235
1600	236
1601	236
1602	236
1603	236
1604	236
1605	236
1606	236
1607	236
1608	236
1609	237
1610	237
1611	237
1612	237
1613	237
1614	237
1615	237
1616	237
1617	237
1618	238
1619	238
1620	238
1621	238
1622	238
1623	238
1624	238
1625	238
1626	238
1627	238
1628	238
1629	239
1630	239
1631	239
1632	239
1633	239
1634	239
1635	239
1636	239
1637	240
1638	240
1639	240
1640	241
1641	241
1642	241
1643	241
1644	241
1645	242
1646	242
1647	242
1648	242
1649	242
1650	243
1651	243
1652	243
1653	243
1654	243
1655	243
1656	243
1657	244
1658	244
1659	244
1660	244
1661	244
1662	244
1663	244
1664	244
1665	244
1666	244
1667	245
1668	245
1669	245
1670	245
1671	245
1672	245
1673	245
1674	246
1675	246
1676	246
1677	246
1678	246
1679	247
1680	247
1681	247
1682	247
1683	247
1684	247
1685	247
1686	248
1687	248
1688	248
1689	248
1690	248
1691	249
1692	249
1693	249
1694	249
1695	249
1696	249
1697	249
1698	249
1699	250
1700	250
1701	250
1702	250
1703	250
1704	250
1705	250
1706	250
1707	250
1708	250
1709	250
1710	250
1711	251
1712	251
1713	251
1714	251
1715	251
1716	251
1717	251
1718	252
1719	252
1720	252
1721	252
1722	252
1723	252
1724	252
1725	253
1726	253
1727	253
1728	253
1729	253
1730	253
1731	254
1732	254
1733	254
1734	254
1735	254
1736	254
1737	254
1738	254
1739	254
1740	254
1741	254
1742	255
1743	255
1744	255
1745	255
1746	255
1747	255
1748	255
1749	255
1750	255
1751	256
1752	256
1753	256
1754	257
1755	257
1756	257
1757	257
1758	257
1759	257
1760	258
1761	258
1762	258
1763	258
1764	258
1765	258
1766	258
1767	260
1768	260
1769	261
1770	261
1771	262
1772	262
1773	262
1774	262
1775	263
1776	263
1777	263
1778	263
1779	263
1780	263
1781	263
1782	263
1783	263
1784	263
1785	263
1786	263
1787	263
1788	264
1789	264
1790	264
1791	264
1792	264
1793	264
1794	264
1795	264
1796	264
1797	264
1798	264
1799	265
1800	265
1801	265
1802	265
1803	265
1804	265
1805	265
1806	265
1807	266
1808	266
1809	266
1810	266
1811	266
1812	266
1813	266
1814	266
1815	267
1816	267
1817	269
1818	269
1819	269
1820	269
1821	269
1822	269
1823	269
1824	269
1825	269
1826	269
1827	270
1828	270
1829	270
1830	270
1831	270
1832	271
1833	271
1834	271
1835	271
1836	271
1837	272
1838	272
1839	272
1840	272
1841	272
1842	272
1843	272
1844	272
1845	272
1846	272
1847	272
1848	272
1849	272
1850	273
1851	273
1852	273
1853	273
1854	273
1855	273
1856	273
1857	273
1858	274
1859	274
1860	274
1861	274
1862	274
1863	274
1864	274
1865	275
1866	275
1867	275
1868	275
1869	275
1870	275
1871	275
1872	276
1873	276
1874	276
1875	276
1876	276
1877	277
1878	277
1879	278
1880	278
1881	278
1882	278
1883	278
1884	278
1885	279
1886	279
1887	279
1888	279
1889	279
1890	279
1891	280
1892	280
1893	280
1894	280
1895	280
1896	280
1897	280
1898	281
1899	281
1900	281
1901	281
1902	281
1903	281
1904	281
1905	282
1906	282
1907	282
1908	282
1909	282
1910	283
1911	283
1912	283
1913	283
1914	283
1915	284
1916	284
1917	284
1918	284
1919	284
1920	284
1921	284
1922	284
1923	284
1924	284
1925	285
1926	285
1927	285
1928	285
1929	285
1930	286
1931	286
1932	286
1933	286
1934	286
1935	286
1936	286
1937	286
1938	286
1939	287
1940	287
1941	287
1942	287
1943	288
1944	288
1945	288
1946	288
1947	288
1948	288
1949	288
1950	288
1951	288
1952	289
1953	289
1954	289
1955	289
1956	289
1957	289
1958	289
1959	289
1960	289
1961	289
1962	290
1963	290
1964	290
1965	290
1966	290
1967	291
1968	291
1969	291
1970	291
1971	291
1972	291
1973	291
1974	291
1975	292
1976	292
1977	292
1978	292
1979	292
1980	292
1981	292
1982	292
1983	292
1984	292
1985	293
1986	293
1987	293
1988	293
1989	293
1990	293
1991	293
1992	293
1993	294
1994	294
1995	294
1996	294
1997	295
1998	295
1999	295
2000	295
2001	295
2002	295
2003	296
2004	296
2005	296
2006	296
2007	296
2008	296
2009	297
2010	297
2011	297
2012	297
2013	297
2014	298
2015	299
2016	299
2017	299
2018	299
2019	300
2020	300
2021	300
2022	300
2023	300
2024	300
2025	300
2026	300
2027	300
2028	301
2029	301
2030	302
2031	302
2032	302
2033	302
2034	302
2035	302
2036	302
2037	302
2038	302
2039	303
2040	303
2041	303
2042	303
2043	303
2044	303
2045	303
2046	303
2047	303
2048	303
2049	303
2050	304
2051	304
2052	304
2053	304
2054	305
2055	305
2056	305
2057	306
2058	306
2059	306
2060	306
2061	306
2062	306
2063	307
2064	307
2065	308
2066	308
2067	308
2068	308
2069	309
2070	309
2071	309
2072	309
2073	309
2074	309
2075	309
2076	309
2077	310
2078	310
2079	310
2080	310
2081	310
2082	311
2083	311
2084	311
2085	312
2086	312
2087	312
2088	312
2089	313
2090	313
2091	313
2092	313
2093	313
2094	313
2095	313
2096	313
2097	314
2098	314
2099	314
2100	314
2101	314
2102	314
2103	315
2104	315
2105	315
2106	315
2107	315
2108	316
2109	316
2110	316
2111	316
2112	316
2113	317
2114	317
2115	317
2116	318
2117	318
2118	318
2119	318
2120	318
2121	318
2122	318
2123	319
2124	319
2125	319
2126	319
2127	319
2128	319
2129	319
2130	319
2131	319
2132	319
2133	319
2134	319
2135	320
2136	320
2137	320
2138	320
2139	320
2140	320
2141	321
2142	321
2143	321
2144	321
2145	322
2146	322
2147	322
2148	322
2149	322
2150	322
2151	322
2152	322
2153	322
2154	322
2155	322
2156	322
2157	323
2158	323
2159	323
2160	323
2161	323
2162	324
2163	324
2164	324
2165	324
2166	324
2167	324
2168	324
2169	324
2170	324
2171	325
2172	325
2173	325
2174	325
2175	325
2176	325
2177	325
2178	325
2179	325
2180	325
2181	325
2182	325
2183	325
2184	326
2185	326
2186	326
2187	326
2188	326
2189	327
2190	327
2191	327
2192	327
2193	328
2194	328
2195	328
2196	328
2197	328
2198	328
2199	330
2200	330
2201	330
2202	331
2203	331
2204	331
2205	331
2206	332
2207	332
2208	332
2209	333
2210	333
2211	333
2212	334
2213	334
2214	334
2215	334
2216	334
2217	334
2218	334
2219	334
2220	334
2221	334
2222	334
2223	335
2224	336
2225	336
2226	336
2227	336
2228	336
2229	336
2230	336
2231	337
2232	337
2233	337
2234	337
2235	337
2236	337
2237	337
2238	337
2239	338
2240	338
2241	338
2242	339
2243	339
2244	339
2245	339
2246	339
2247	339
2248	339
2249	339
2250	339
2251	339
2252	340
2253	340
2254	340
2255	340
2256	340
2257	340
2258	340
2259	340
2260	341
2261	341
2262	341
2263	341
2264	341
2265	341
2266	341
2267	341
2268	341
2269	342
2270	342
2271	342
2272	342
2273	342
2274	342
2275	343
2276	343
2277	343
2278	343
2279	345
2280	345
2281	346
2282	346
2283	346
2284	346
2285	346
2286	346
2287	346
2288	347
2289	347
2290	347
2291	347
2292	347
2293	347
2294	347
2295	347
2296	347
2297	348
2298	348
2299	348
2300	348
2301	348
2302	348
2303	348
2304	348
2305	348
2306	348
2307	349
2308	349
2309	349
2310	349
2311	349
2312	349
2313	349
2314	349
2315	349
2316	349
2317	350
2318	350
2319	350
2320	350
2321	350
2322	350
2323	350
2324	350
2325	350
2326	350
2327	350
2328	350
2329	350
2330	351
2331	351
2332	351
2333	351
2334	351
2335	351
2336	352
2337	352
2338	352
2339	352
2340	353
2341	353
2342	353
2343	353
2344	353
2345	353
2346	353
2347	353
2348	353
2349	354
2350	354
2351	354
2352	355
2353	355
2354	355
2355	355
2356	355
2357	355
2358	355
2359	355
2360	355
2361	355
2362	355
2363	355
2364	355
2365	355
2366	356
2367	356
2368	356
2369	357
2370	357
2371	357
2372	357
2373	358
2374	358
2375	358
2376	358
2377	358
2378	358
2379	358
2380	358
2381	358
2382	358
2383	358
2384	358
2385	359
2386	359
2387	359
2388	359
2389	359
2390	359
2391	359
2392	359
2393	359
2394	359
2395	359
2396	359
2397	359
2398	360
2399	360
2400	360
2401	360
2402	360
2403	360
2404	360
2405	360
2406	360
2407	360
2408	361
2409	361
2410	361
2411	361
2412	361
2413	361
2414	362
2415	362
2416	362
2417	362
2418	362
2419	362
2420	362
2421	362
2422	362
2423	362
2424	363
2425	363
2426	363
2427	363
2428	364
2429	364
2430	364
2431	364
2432	364
2433	364
2434	364
2435	364
2436	364
2437	364
2438	364
2439	364
2440	364
2441	364
2442	364
2443	364
2444	364
2445	365
2446	365
2447	365
2448	365
2449	365
2450	365
2451	366
2452	366
2453	366
2454	366
2455	366
2456	366
2457	366
2458	366
2459	367
2460	367
2461	367
2462	367
2463	367
2464	367
2465	367
2466	367
2467	367
2468	367
2469	368
2470	368
2471	368
2472	368
2473	368
2474	368
2475	368
2476	368
2477	368
2478	369
2479	369
2480	369
2481	369
2482	369
2483	369
2484	369
2485	369
2486	369
2487	369
2488	370
2489	370
2490	370
2491	370
2492	370
2493	370
2494	370
2495	370
2496	370
2497	371
2498	371
2499	371
2500	371
2501	371
2502	372
2503	372
2504	372
2505	373
2506	373
2507	374
2508	374
2509	374
2510	374
2511	374
2512	374
2513	374
2514	374
2515	374
2516	374
2517	375
2518	375
2519	375
2520	375
2521	375
2522	375
2523	375
2524	375
2525	375
2526	375
2527	376
2528	376
2529	376
2530	376
2531	376
2532	376
2533	377
2534	377
2535	377
2536	377
2537	377
2538	377
2539	377
2540	377
2541	377
2542	377
2543	377
2544	378
2545	378
2546	378
2547	378
2548	378
2549	378
2550	379
2551	379
2552	379
2553	379
2554	379
2555	379
2556	379
2557	379
2558	379
2559	380
2560	380
2561	380
2562	380
2563	380
2564	380
2565	381
2566	381
2567	381
2568	381
2569	381
2570	381
2571	381
2572	381
2573	382
2574	382
2575	382
2576	382
2577	382
2578	382
2579	382
2580	382
2581	382
2582	382
2583	382
2584	382
2585	383
2586	383
2587	383
2588	383
2589	383
2590	383
2591	383
2592	383
2593	383
2594	384
2595	384
2596	384
2597	384
2598	384
2599	384
2600	384
2601	384
2602	384
2603	384
2604	385
2605	385
2606	386
2607	386
2608	386
2609	386
2610	386
2611	386
2612	386
2613	386
2614	386
2615	387
2616	387
2617	387
2618	387
2619	387
2620	387
2621	387
2622	387
2623	387
2624	387
2625	387
2626	387
2627	388
2628	388
2629	388
2630	388
2631	388
2632	388
2633	388
2634	388
2635	389
2636	389
2637	389
2638	389
2639	390
2640	390
2641	390
2642	391
2643	391
2644	391
2645	391
2646	391
2647	391
2648	391
2649	391
2650	391
2651	392
2652	392
2653	393
2654	393
2655	393
2656	393
2657	393
2658	394
2659	394
2660	394
2661	394
2662	395
2663	395
2664	395
2665	395
2666	395
2667	395
2668	395
2669	395
2670	396
2671	396
2672	396
2673	396
2674	396
2675	396
2676	396
2677	396
2678	396
2679	397
2680	397
2681	397
2682	397
2683	397
2684	397
2685	397
2686	397
2687	397
2688	397
2689	398
2690	398
2691	398
2692	398
2693	398
2694	398
2695	398
2696	398
2697	398
2698	398
2699	399
2700	399
2701	399
2702	399
2703	399
2704	399
2705	399
2706	399
2707	399
2708	399
2709	399
2710	399
2711	400
2712	400
2713	400
2714	400
2715	400
2716	400
2717	400
2718	401
2719	401
2720	401
2721	401
2722	402
2723	402
2724	402
2725	402
2726	402
2727	402
2728	402
2729	402
2730	402
2731	402
2732	402
2733	403
2734	404
2735	404
2736	404
2737	404
2738	404
2739	404
2740	405
2741	405
2742	405
2743	405
2744	405
2745	405
2746	405
2747	405
2748	405
2749	405
2750	406
2751	406
2752	406
2753	406
2754	406
2755	406
2756	406
2757	406
2758	406
2759	406
2760	406
2761	406
2762	407
2763	407
2764	407
2765	407
2766	407
2767	407
2768	407
2769	407
2770	407
2771	408
2772	408
2773	408
2774	409
2775	409
2776	409
2777	409
2778	409
2779	409
2780	409
2781	409
2782	410
2783	410
2784	410
2785	411
2786	411
2787	411
2788	411
2789	411
2790	411
2791	411
2792	411
2793	411
2794	412
2795	412
2796	412
2797	412
2798	412
2799	412
2800	412
2801	412
2802	412
2803	412
2804	412
2805	412
2806	412
2807	413
2808	413
2809	413
2810	413
2811	413
2812	413
2813	414
2814	414
2815	414
2816	414
2817	414
2818	414
2819	414
2820	414
2821	414
2822	414
2823	414
2824	414
2825	415
2826	415
2827	415
2828	415
2829	415
2830	415
2831	415
2832	415
2833	416
2834	416
2835	416
2836	416
2837	416
2838	416
2839	416
2840	416
2841	416
2842	416
2843	416
2844	416
2845	416
2846	417
2847	417
2848	417
2849	417
2850	417
2851	417
2852	417
2853	417
2854	417
2855	417
2856	417
2857	417
2858	418
2859	418
2860	418
2861	418
2862	418
2863	419
2864	419
2865	419
2866	419
2867	419
2868	420
2869	420
2870	420
2871	420
2872	420
2873	420
2874	420
2875	420
2876	420
2877	420
2878	420
2879	420
2880	421
2881	421
2882	421
2883	421
2884	421
2885	421
2886	421
2887	421
2888	421
2889	422
2890	422
2891	422
2892	422
2893	422
2894	422
2895	422
2896	422
2897	424
2898	424
2899	424
2900	424
2901	424
2902	424
2903	424
2904	425
2905	426
2906	426
2907	426
2908	426
2909	426
2910	426
2911	426
2912	426
2913	426
2914	426
2915	427
2916	427
2917	427
2918	427
2919	427
2920	427
2921	427
2922	427
2923	427
2924	427
2925	428
2926	428
2927	428
2928	428
2929	428
2930	428
2931	429
2932	429
2933	429
2934	430
2935	430
2936	430
2937	430
2938	430
2939	430
2940	431
2941	431
2942	431
2943	431
2944	431
2945	431
2946	431
2947	432
2948	432
2949	432
2950	432
2951	432
2952	432
2953	432
2954	433
2955	433
2956	433
2957	433
2958	433
2959	433
2960	433
2961	433
2962	433
2963	433
2964	433
2965	433
2966	433
2967	434
2968	434
2969	434
2970	434
2971	434
2972	434
2973	434
2974	434
2975	434
2976	435
2977	435
2978	435
2979	435
2980	435
2981	435
2982	436
2983	436
2984	436
2985	436
2986	436
2987	436
2988	436
2989	436
2990	436
2991	436
2992	436
2993	436
2994	437
2995	437
2996	437
2997	437
2998	437
2999	437
3000	437
3001	437
3002	437
3003	437
3004	437
3005	438
3006	438
3007	439
3008	439
3009	439
3010	439
3011	439
3012	439
3013	439
3014	439
3015	440
3016	440
3017	440
3018	440
3019	440
3020	440
3021	440
3022	440
3023	441
3024	441
3025	441
3026	441
3027	441
3028	441
3029	441
3030	441
3031	442
3032	442
3033	442
3034	442
3035	442
3036	442
3037	442
3038	442
3039	442
3040	442
3041	443
3042	443
3043	443
3044	443
3045	443
3046	443
3047	443
3048	443
3049	443
3050	444
3051	444
3052	444
3053	444
3054	444
3055	445
3056	445
3057	445
3058	446
3059	446
3060	446
3061	446
3062	447
3063	447
3064	447
3065	448
3066	448
3067	448
3068	448
3069	448
3070	448
3071	448
3072	448
3073	448
3074	448
3075	448
3076	449
3077	449
3078	449
3079	450
3080	451
3081	451
3082	451
3083	451
3084	451
3085	451
3086	451
3087	451
3088	451
3089	451
3090	452
3091	452
3092	452
3093	452
3094	452
3095	452
3096	452
3097	452
3098	452
3099	452
3100	452
3101	452
3102	452
3103	452
3104	452
3105	453
3106	453
3107	453
3108	453
3109	453
3110	454
3111	454
3112	455
3113	455
3114	455
3115	455
3116	455
3117	456
3118	456
3119	456
3120	456
3121	456
3122	456
3123	456
3124	457
3125	457
3126	457
3127	457
3128	457
3129	457
3130	457
3131	457
3132	457
3133	458
3134	458
3135	458
3136	458
3137	458
3138	458
3139	458
3140	458
3141	458
3142	458
3143	458
3144	459
3145	459
3146	459
3147	459
3148	459
3149	459
3150	460
3151	460
3152	460
3153	460
3154	460
3155	460
3156	460
3157	460
3158	460
3159	460
3160	461
3161	461
3162	461
3163	461
3164	461
3165	461
3166	461
3167	461
3168	461
3169	461
3170	461
3171	462
3172	462
3173	463
3174	464
3175	464
3176	464
3177	464
3178	464
3179	464
3180	464
3181	464
3182	464
3183	464
3184	464
3185	465
3186	465
3187	465
3188	465
3189	465
3190	465
3191	465
3192	466
3193	466
3194	466
3195	466
3196	467
3197	467
3198	467
3199	467
3200	467
3201	467
3202	468
3203	468
3204	468
3205	468
3206	468
3207	468
3208	468
3209	468
3210	468
3211	468
3212	468
3213	468
3214	469
3215	469
3216	469
3217	469
3218	469
3219	469
3220	469
3221	469
3222	469
3223	469
3224	469
3225	469
3226	470
3227	470
3228	470
3229	470
3230	470
3231	470
3232	470
3233	470
3234	471
3235	471
3236	471
3237	471
3238	471
3239	471
3240	471
3241	471
3242	471
3243	471
3244	471
3245	472
3246	472
3247	472
3248	472
3249	472
3250	472
3251	472
3252	472
3253	472
3254	472
3255	472
3256	472
3257	473
3258	473
3259	473
3260	473
3261	473
3262	473
3263	473
3264	473
3265	473
3266	473
3267	474
3268	474
3269	474
3270	474
3271	474
3272	474
3273	475
3274	475
3275	475
3276	475
3277	475
3278	475
3279	475
3280	476
3281	476
3282	476
3283	476
3284	476
3285	476
3286	476
3287	476
3288	476
3289	476
3290	477
3291	477
3292	477
3293	477
3294	477
3295	477
3296	477
3297	477
3298	477
3299	477
3300	477
3301	478
3302	478
3303	478
3304	478
3305	478
3306	478
3307	478
3308	478
3309	479
3310	479
3311	479
3312	479
3313	479
3314	479
3315	479
3316	479
3317	479
3318	480
3319	480
3320	480
3321	480
3322	480
3323	480
3324	480
3325	480
3326	482
3327	482
3328	482
3329	482
3330	482
3331	482
3332	482
3333	482
3334	483
3335	483
3336	483
3337	483
3338	483
3339	483
3340	483
3341	484
3342	484
3343	484
3344	484
3345	484
3346	484
3347	484
3348	484
3349	484
3350	484
3351	484
3352	485
3353	485
3354	485
3355	485
3356	485
3357	485
3358	486
3359	486
3360	486
3361	486
3362	486
3363	486
3364	486
3365	486
3366	486
3367	486
3368	486
3369	486
3370	486
3371	486
3372	486
3373	487
3374	487
3375	487
3376	487
3377	487
3378	487
3379	487
3380	487
3381	487
3382	487
3383	487
3384	488
3385	488
3386	488
3387	488
3388	488
3389	488
3390	488
3391	488
3392	488
3393	489
3394	489
3395	489
3396	489
3397	489
3398	489
3399	489
3400	490
3401	490
3402	490
3403	490
3404	490
3405	490
3406	490
3407	491
3408	491
3409	491
3410	491
3411	492
3412	492
3413	492
3414	492
3415	492
3416	492
3417	493
3418	493
3419	493
3420	493
3421	493
3422	494
3423	494
3424	494
3425	494
3426	494
3427	494
3428	494
3429	495
3430	495
3431	495
3432	495
3433	495
3434	495
3435	495
3436	495
3437	495
3438	495
3439	495
3440	495
3441	495
3442	496
3443	496
3444	496
3445	497
3446	497
3447	497
3448	497
3449	498
3450	498
3451	498
3452	499
3453	499
3454	499
3455	500
3456	500
3457	500
3458	500
3459	500
3460	500
3461	500
3462	500
3463	500
3464	500
3465	500
3466	501
3467	501
3468	501
3469	501
3470	501
3471	501
3472	501
3473	501
3474	501
3475	502
3476	502
3477	502
3478	502
3479	502
3480	502
3481	502
3482	502
3483	502
3484	502
3485	502
3486	502
3487	503
3488	503
3489	503
3490	503
3491	503
3492	503
3493	503
3494	504
3495	504
3496	504
3497	504
3498	504
3499	504
3500	504
3501	504
3502	504
3503	504
3504	504
3505	504
3506	504
3507	504
3508	504
3509	505
3510	505
3511	505
3512	505
3513	505
3514	505
3515	505
3516	505
3517	505
3518	505
3519	505
3520	505
3521	505
3522	505
3523	506
3524	506
3525	506
3526	506
3527	506
3528	506
3529	506
3530	506
3531	507
3532	507
3533	507
3534	507
3535	507
3536	507
3537	507
3538	507
3539	507
3540	508
3541	508
3542	508
3543	508
3544	509
3545	509
3546	509
3547	509
3548	509
3549	509
3550	509
3551	509
3552	510
3553	510
3554	510
3555	510
3556	510
3557	511
3558	511
3559	511
3560	511
3561	511
3562	511
3563	511
3564	511
3565	511
3566	511
3567	511
3568	512
3569	512
3570	512
3571	512
3572	512
3573	512
3574	512
3575	512
3576	512
3577	512
3578	513
3579	513
3580	513
3581	513
3582	513
3583	513
3584	514
3585	514
3586	514
3587	514
3588	514
3589	515
3590	515
3591	515
3592	515
3593	515
3594	516
3595	516
3596	516
3597	516
3598	516
3599	516
3600	516
3601	516
3602	516
3603	516
3604	516
3605	517
3606	517
3607	517
3608	517
3609	517
3610	517
3611	517
3612	517
3613	517
3614	518
3615	518
3616	518
3617	518
3618	518
3619	518
3620	518
3621	518
3622	518
3623	518
3624	519
3625	519
3626	519
3627	519
3628	519
3629	519
3630	520
3631	520
3632	520
3633	520
3634	520
3635	520
3636	520
3637	521
3638	521
3639	521
3640	521
3641	522
3642	522
3643	522
3644	522
3645	522
3646	522
3647	523
3648	524
3649	524
3650	524
3651	524
3652	524
3653	525
3654	525
3655	525
3656	525
3657	525
3658	525
3659	525
3660	526
3661	526
3662	526
3663	526
3664	526
3665	526
3666	526
3667	527
3668	527
3669	528
3670	528
3671	528
3672	528
3673	528
3674	528
3675	528
3676	529
3677	529
3678	529
3679	529
3680	529
3681	529
3682	529
3683	529
3684	529
3685	529
3686	529
3687	529
3688	529
3689	529
3690	529
3691	530
3692	530
3693	530
3694	530
3695	530
3696	530
3697	530
3698	530
3699	530
3700	530
3701	530
3702	530
3703	531
3704	531
3705	531
3706	531
3707	531
3708	531
3709	531
3710	531
3711	531
3712	531
3713	532
3714	532
3715	532
3716	532
3717	532
3718	532
3719	532
3720	532
3721	532
3722	532
3723	532
3724	533
3725	533
3726	533
3727	533
3728	533
3729	533
3730	533
3731	533
3732	533
3733	534
3734	534
3735	534
3736	534
3737	534
3738	534
3739	534
3740	534
3741	534
3742	534
3743	535
3744	535
3745	535
3746	535
3747	535
3748	536
3749	536
3750	536
3751	536
3752	537
3753	537
3754	537
3755	537
3756	537
3757	537
3758	538
3759	538
3760	538
3761	538
3762	538
3763	538
3764	538
3765	538
3766	539
3767	539
3768	539
3769	539
3770	539
3771	539
3772	539
3773	539
3774	540
3775	540
3776	540
3777	540
3778	540
3779	540
3780	540
3781	540
3782	540
3783	540
3784	541
3785	541
3786	541
3787	541
3788	541
3789	541
3790	541
3791	541
3792	541
3793	542
3794	542
3795	542
3796	542
3797	542
3798	542
3799	542
3800	545
3801	545
3802	545
3803	545
3804	545
3805	545
3806	545
3807	546
3808	546
3809	546
3810	546
3811	546
3812	546
3813	546
3814	547
3815	547
3816	547
3817	547
3818	547
3819	548
3820	548
3821	548
3822	548
3823	548
3824	548
3825	548
3826	548
3827	548
3828	549
3829	549
3830	549
3831	550
3832	550
3833	550
3834	550
3835	550
3836	550
3837	550
3838	551
3839	551
3840	551
3841	551
3842	551
3843	551
3844	551
3845	552
3846	552
3847	552
3848	552
3849	553
3850	553
3851	553
3852	553
3853	553
3854	553
3855	553
3856	553
3857	553
3858	554
3859	554
3860	554
3861	554
3862	554
3863	554
3864	554
3865	554
3866	554
3867	554
3868	555
3869	555
3870	555
3871	555
3872	555
3873	555
3874	555
3875	555
3876	555
3877	555
3878	555
3879	556
3880	556
3881	556
3882	556
3883	556
3884	556
3885	556
3886	556
3887	557
3888	557
3889	557
3890	557
3891	557
3892	557
3893	557
3894	557
3895	558
3896	558
3897	558
3898	558
3899	558
3900	558
3901	558
3902	558
3903	558
3904	559
3905	559
3906	559
3907	559
3908	559
3909	559
3910	559
3911	559
3912	559
3913	559
3914	559
3915	560
3916	560
3917	560
3918	560
3919	561
3920	561
3921	561
3922	561
3923	561
3924	561
3925	561
3926	561
3927	561
3928	561
3929	562
3930	562
3931	562
3932	562
3933	562
3934	562
3935	562
3936	562
3937	562
3938	562
3939	563
3940	563
3941	563
3942	563
3943	564
3944	564
3945	564
3946	564
3947	564
3948	564
3949	564
3950	564
3951	564
3952	564
3953	564
3954	564
3955	564
3956	565
3957	565
3958	565
3959	565
3960	565
3961	565
3962	566
3963	566
3964	566
3965	566
3966	566
3967	566
3968	566
3969	566
3970	567
3971	567
3972	567
3973	567
3974	567
3975	567
3976	567
3977	567
3978	567
3979	567
3980	568
3981	568
3982	568
3983	568
3984	568
3985	568
3986	569
3987	570
3988	570
3989	570
3990	570
3991	571
3992	571
3993	571
3994	571
3995	571
3996	571
3997	571
3998	572
3999	572
4000	572
4001	572
4002	572
4003	572
4004	572
4005	572
4006	572
4007	572
4008	572
4009	572
4010	572
4011	573
4012	573
4013	573
4014	573
4015	573
4016	573
4017	573
4018	573
4019	573
4020	573
4021	573
4022	573
4023	574
4024	574
4025	574
4026	574
4027	574
4028	574
4029	574
4030	574
4031	574
4032	574
4033	574
4034	574
4035	575
4036	575
4037	575
4038	575
4039	575
4040	575
4041	576
4042	576
4043	576
4044	576
4045	576
4046	576
4047	576
4048	576
4049	577
4050	577
4051	577
4052	577
4053	577
4054	577
4055	577
4056	577
4057	577
4058	577
4059	577
4060	577
4061	577
4062	578
4063	578
4064	578
4065	578
4066	578
4067	578
4068	578
4069	578
4070	579
4071	579
4072	579
4073	579
4074	579
4075	579
4076	579
4077	580
4078	580
4079	580
4080	580
4081	580
4082	580
4083	581
4084	581
4085	581
4086	581
4087	581
4088	581
4089	581
4090	581
4091	581
4092	581
4093	581
4094	582
4095	582
4096	582
4097	583
4098	583
4099	583
4100	583
4101	583
4102	584
4103	584
4104	585
4105	585
4106	585
4107	585
4108	586
4109	586
4110	586
4111	586
4112	586
4113	586
4114	586
4115	587
4116	587
4117	587
4118	587
4119	587
4120	587
4121	587
4122	587
4123	587
4124	587
4125	587
4126	587
4127	587
4128	587
4129	587
4130	587
4131	587
4132	587
4133	588
4134	588
4135	588
4136	588
4137	588
4138	588
4139	588
4140	588
4141	588
4142	589
4143	589
4144	589
4145	589
4146	589
4147	589
4148	590
4149	590
4150	590
4151	590
4152	590
4153	590
4154	590
4155	590
4156	590
4157	590
4158	591
4159	591
4160	591
4161	591
4162	591
4163	591
4164	591
4165	591
4166	591
4167	591
4168	591
4169	591
4170	591
4171	592
4172	592
4173	592
4174	592
4175	592
4176	592
4177	592
4178	592
4179	592
4180	593
4181	593
4182	593
4183	593
4184	594
4185	594
4186	594
4187	594
4188	594
4189	594
4190	594
4191	594
4192	594
4193	594
4194	594
4195	594
4196	594
4197	594
4198	595
4199	595
4200	595
4201	595
4202	595
4203	595
4204	595
4205	595
4206	595
4207	595
4208	595
4209	595
4210	595
4211	595
4212	596
4213	596
4214	596
4215	596
4216	596
4217	596
4218	596
4219	596
4220	597
4221	597
4222	597
4223	598
4224	598
4225	598
4226	598
4227	598
4228	598
4229	598
4230	599
4231	599
4232	599
4233	599
4234	599
4235	600
4236	600
4237	600
4238	600
4239	600
4240	600
4241	600
4242	601
4243	601
4244	601
4245	601
4246	601
4247	601
4248	601
4249	601
4250	601
4251	601
4252	601
4253	602
4254	602
4255	602
4256	602
4257	602
4258	602
4259	602
4260	602
4261	603
4262	603
4263	603
4264	604
4265	604
4266	604
4267	604
4268	604
4269	604
4270	604
4271	604
4272	604
4273	605
4274	605
4275	605
4276	605
4277	605
4278	605
4279	605
4280	605
4281	605
4282	606
4283	606
4284	606
4285	606
4286	606
4287	606
4288	606
4289	606
4290	606
4291	607
4292	607
4293	607
4294	607
4295	607
4296	607
4297	607
4298	608
4299	608
4300	609
4301	609
4302	609
4303	609
4304	609
4305	609
4306	609
4307	609
4308	609
4309	609
4310	609
4311	610
4312	610
4313	610
4314	610
4315	610
4316	610
4317	610
4318	610
4319	610
4320	610
4321	610
4322	611
4323	611
4324	611
4325	611
4326	611
4327	611
4328	611
4329	611
4330	611
4331	611
4332	611
4333	611
4334	612
4335	612
4336	612
4337	612
4338	612
4339	612
4340	612
4341	612
4342	612
4343	613
4344	613
4345	613
4346	613
4347	613
4348	613
4349	613
4350	613
4351	613
4352	614
4353	614
4354	614
4355	614
4356	614
4357	614
4358	614
4359	614
4360	614
4361	614
4362	614
4363	614
4364	615
4365	615
4366	615
4367	615
4368	615
4369	615
4370	615
4371	616
4372	616
4373	616
4374	616
4375	616
4376	616
4377	616
4378	616
4379	617
4380	617
4381	617
4382	617
4383	617
4384	617
4385	617
4386	617
4387	617
4388	617
4389	617
4390	617
4391	618
4392	618
4393	618
4394	618
4395	618
4396	618
4397	618
4398	618
4399	618
4400	618
4401	618
4402	619
4403	619
4404	619
4405	619
4406	619
4407	619
4408	619
4409	619
4410	619
4411	619
4412	620
4413	620
4414	620
4415	620
4416	620
4417	620
4418	620
4419	620
4420	620
4421	621
4422	621
4423	621
4424	621
4425	621
4426	621
4427	621
4428	622
4429	622
4430	622
4431	622
4432	622
4433	622
4434	622
4435	623
4436	623
4437	623
4438	623
4439	623
4440	623
4441	624
4442	624
4443	624
4444	624
4445	624
4446	624
4447	624
4448	624
4449	624
4450	624
4451	625
4452	625
4453	625
4454	625
4455	625
4456	625
4457	625
4458	625
4459	626
4460	626
4461	626
4462	626
4463	626
4464	626
4465	627
4466	627
4467	627
4468	627
4469	627
4470	627
4471	627
4472	627
4473	627
4474	627
4475	628
4476	628
4477	628
4478	628
4479	628
4480	628
4481	628
4482	628
4483	628
4484	629
4485	629
4486	629
4487	630
4488	630
4489	630
4490	630
4491	630
4492	630
4493	630
4494	630
4495	630
4496	631
4497	631
4498	631
4499	631
4500	631
4501	631
4502	631
4503	631
4504	631
4505	632
4506	632
4507	632
4508	633
4509	633
4510	633
4511	633
4512	633
4513	633
4514	633
4515	633
4516	633
4517	633
4518	634
4519	634
4520	634
4521	634
4522	634
4523	634
4524	634
4525	635
4526	635
4527	635
4528	635
4529	635
4530	635
4531	635
4532	635
4533	635
4534	636
4535	636
4536	636
4537	636
4538	636
4539	636
4540	636
4541	636
4542	636
4543	636
4544	637
4545	637
4546	637
4547	637
4548	637
4549	637
4550	637
4551	638
4552	638
4553	638
4554	638
4555	638
4556	638
4557	638
4558	638
4559	638
4560	638
4561	638
4562	638
4563	639
4564	641
4565	641
4566	641
4567	641
4568	641
4569	641
4570	641
4571	641
4572	641
4573	642
4574	642
4575	642
4576	642
4577	642
4578	642
4579	642
4580	642
4581	643
4582	643
4583	643
4584	643
4585	643
4586	643
4587	643
4588	643
4589	643
4590	644
4591	644
4592	644
4593	644
4594	644
4595	644
4596	644
4597	645
4598	645
4599	645
4600	645
4601	645
4602	645
4603	645
4604	645
4605	646
4606	646
4607	646
4608	646
4609	646
4610	646
4611	646
4612	646
4613	646
4614	646
4615	647
4616	647
4617	647
4618	647
4619	647
4620	647
4621	647
4622	647
4623	648
4624	648
4625	648
4626	648
4627	648
4628	648
4629	648
4630	648
4631	649
4632	649
4633	649
4634	649
4635	649
4636	649
4637	649
4638	649
4639	650
4640	650
4641	650
4642	650
4643	650
4644	650
4645	650
4646	650
4647	650
4648	650
4649	651
4650	651
4651	651
4652	651
4653	651
4654	651
4655	651
4656	651
4657	652
4658	652
4659	652
4660	652
4661	652
4662	652
4663	653
4664	653
4665	653
4666	653
4667	653
4668	653
4669	653
4670	654
4671	654
4672	655
4673	655
4674	656
4675	656
4676	656
4677	656
4678	656
4679	656
4680	656
4681	656
4682	656
4683	656
4684	656
4685	656
4686	656
4687	656
4688	657
4689	657
4690	657
4691	657
4692	657
4693	657
4694	657
4695	657
4696	657
4697	657
4698	657
4699	657
4700	657
4701	658
4702	658
4703	658
4704	658
4705	658
4706	659
4707	659
4708	659
4709	659
4710	659
4711	659
4712	659
4713	659
4714	659
4715	659
4716	659
4717	659
4718	659
4719	659
4720	660
4721	660
4722	660
4723	660
4724	660
4725	660
4726	661
4727	661
4728	661
4729	661
4730	661
4731	662
4732	662
4733	662
4734	662
4735	663
4736	663
4737	663
4738	663
4739	664
4740	664
4741	664
4742	664
4743	664
4744	664
4745	664
4746	664
4747	664
4748	665
4749	665
4750	665
4751	665
4752	665
4753	665
4754	666
4755	666
4756	666
4757	666
4758	666
4759	666
4760	666
4761	666
4762	667
4763	667
4764	667
4765	667
4766	667
4767	667
4768	667
4769	667
4770	667
4771	667
4772	667
4773	667
4774	667
4775	667
4776	667
4777	668
4778	668
4779	668
4780	668
4781	668
4782	668
4783	668
4784	668
4785	669
4786	669
4787	669
4788	669
4789	669
4790	669
4791	669
4792	669
4793	670
4794	670
4795	670
4796	670
4797	670
4798	670
4799	670
4800	671
4801	671
4802	671
4803	672
4804	672
4805	672
4806	672
4807	672
4808	672
4809	672
4810	672
4811	674
4812	674
4813	674
4814	674
4815	674
4816	675
4817	675
4818	675
4819	675
4820	676
4821	676
4822	676
4823	676
4824	676
4825	676
4826	676
4827	676
4828	677
4829	677
4830	677
4831	677
4832	677
4833	677
4834	677
4835	677
4836	678
4837	678
4838	678
4839	678
4840	678
4841	678
4842	678
4843	678
4844	678
4845	678
4846	678
4847	678
4848	679
4849	679
4850	679
4851	679
4852	679
4853	679
4854	679
4855	679
4856	679
4857	679
4858	679
4859	680
4860	680
4861	680
4862	680
4863	680
4864	680
4865	680
4866	681
4867	681
4868	682
4869	682
4870	682
4871	682
4872	682
4873	682
4874	682
4875	683
4876	683
4877	683
4878	683
4879	683
4880	683
4881	683
4882	683
4883	683
4884	683
4885	683
4886	683
4887	683
4888	684
4889	684
4890	684
4891	685
4892	685
4893	685
4894	685
4895	685
4896	685
4897	686
4898	686
4899	686
4900	686
4901	686
4902	686
4903	686
4904	686
4905	686
4906	686
4907	687
4908	687
4909	687
4910	687
4911	687
4912	687
4913	687
4914	687
4915	687
4916	687
4917	687
4918	687
4919	687
4920	687
4921	688
4922	688
4923	688
4924	688
4925	688
4926	689
4927	689
4928	689
4929	689
4930	689
4931	689
4932	689
4933	689
4934	689
4935	689
4936	690
4937	690
4938	690
4939	690
4940	690
4941	690
4942	690
4943	690
4944	690
4945	690
4946	690
4947	691
4948	691
4949	691
4950	691
4951	691
4952	692
4953	692
4954	692
4955	692
4956	692
4957	692
4958	692
4959	692
4960	692
4961	692
4962	692
4963	693
4964	693
4965	693
4966	693
4967	693
4968	693
4969	693
4970	693
4971	693
4972	693
4973	694
4974	694
4975	694
4976	694
4977	694
4978	694
4979	694
4980	695
4981	695
4982	695
4983	695
4984	695
4985	695
4986	695
4987	695
4988	696
4989	696
4990	696
4991	696
4992	696
4993	696
4994	696
4995	696
4996	696
4997	696
4998	696
4999	696
5000	696
5001	697
5002	697
5003	697
5004	697
5005	697
5006	698
5007	698
5008	698
5009	698
5010	698
5011	698
5012	698
5013	698
5014	698
5015	699
5016	699
5017	699
5018	699
5019	699
5020	700
5021	700
5022	700
5023	700
5024	700
5025	700
5026	700
5027	700
5028	700
5029	700
5030	700
5031	701
5032	701
5033	701
5034	701
5035	701
5036	701
5037	701
5038	702
5039	702
5040	702
5041	702
5042	702
5043	702
5044	702
5045	702
5046	702
5047	702
5048	703
5049	703
5050	703
5051	704
5052	704
5053	704
5054	704
5055	704
5056	705
5057	705
5058	705
5059	705
5060	705
5061	705
5062	705
5063	705
5064	705
5065	706
5066	706
5067	706
5068	706
5069	706
5070	706
5071	706
5072	706
5073	707
5074	707
5075	707
5076	707
5077	707
5078	707
5079	707
5080	707
5081	708
5082	708
5083	708
5084	708
5085	708
5086	708
5087	708
5088	708
5089	708
5090	708
5091	708
5092	708
5093	708
5094	708
5095	708
5096	708
5097	708
5098	708
5099	709
5100	709
5101	709
5102	709
5103	710
5104	710
5105	710
5106	710
5107	710
5108	710
5109	710
5110	710
5111	710
5112	710
5113	710
5114	710
5115	711
5116	711
5117	711
5118	711
5119	711
5120	711
5121	711
5122	711
5123	711
5124	711
5125	711
5126	712
5127	712
5128	712
5129	712
5130	712
5131	712
5132	712
5133	712
5134	712
5135	713
5136	713
5137	713
5138	713
5139	713
5140	713
5141	713
5142	713
5143	714
5144	714
5145	714
5146	714
5147	715
5148	715
5149	715
5150	715
5151	715
5152	715
5153	715
5154	715
5155	715
5156	715
5157	718
5158	718
5159	718
5160	718
5161	719
5162	719
5163	719
5164	719
5165	719
5166	719
5167	719
5168	720
5169	720
5170	720
5171	720
5172	721
5173	721
5174	721
5175	721
5176	721
5177	722
5178	722
5179	722
5180	722
5181	722
5182	722
5183	722
5184	722
5185	722
5186	722
5187	722
5188	722
5189	722
5190	723
5191	723
5192	723
5193	723
5194	723
5195	723
5196	724
5197	724
5198	724
5199	724
5200	724
5201	724
5202	724
5203	724
5204	724
5205	724
5206	724
5207	724
5208	725
5209	725
5210	725
5211	725
5212	725
5213	725
5214	726
5215	726
5216	728
5217	729
5218	729
5219	729
5220	729
5221	729
5222	729
5223	729
5224	729
5225	729
5226	729
5227	729
5228	729
5229	730
5230	730
5231	730
5232	731
5233	731
5234	731
5235	732
5236	732
5237	732
5238	732
5239	732
5240	732
5241	733
5242	733
5243	733
5244	734
5245	734
5246	734
5247	734
5248	734
5249	734
5250	734
5251	734
5252	734
5253	734
5254	734
5255	734
5256	735
5257	735
5258	735
5259	735
5260	735
5261	735
5262	735
5263	735
5264	735
5265	735
5266	735
5267	735
5268	735
5269	735
5270	736
5271	736
5272	736
5273	736
5274	736
5275	736
5276	736
5277	736
5278	737
5279	737
5280	737
5281	737
5282	737
5283	737
5284	737
5285	738
5286	738
5287	738
5288	739
5289	739
5290	739
5291	739
5292	739
5293	740
5294	740
5295	740
5296	740
5297	740
5298	740
5299	740
5300	740
5301	741
5302	741
5303	741
5304	741
5305	741
5306	741
5307	742
5308	742
5309	742
5310	742
5311	742
5312	742
5313	742
5314	742
5315	742
5316	743
5317	743
5318	743
5319	743
5320	743
5321	743
5322	743
5323	743
5324	743
5325	743
5326	743
5327	743
5328	743
5329	744
5330	744
5331	744
5332	744
5333	744
5334	744
5335	744
5336	744
5337	744
5338	744
5339	744
5340	744
5341	744
5342	744
5343	744
5344	745
5345	745
5346	745
5347	745
5348	745
5349	745
5350	745
5351	745
5352	745
5353	745
5354	745
5355	746
5356	746
5357	746
5358	746
5359	746
5360	746
5361	746
5362	747
5363	747
5364	747
5365	747
5366	747
5367	748
5368	748
5369	748
5370	748
5371	748
5372	748
5373	748
5374	748
5375	748
5376	748
5377	748
5378	749
5379	749
5380	749
5381	749
5382	749
5383	749
5384	749
5385	749
5386	749
5387	749
5388	749
5389	749
5390	750
5391	750
5392	750
5393	750
5394	750
5395	750
5396	750
5397	750
5398	750
5399	750
5400	750
5401	750
5402	751
5403	751
5404	751
5405	751
5406	751
5407	752
5408	752
5409	752
5410	752
5411	752
5412	752
5413	752
5414	752
5415	753
5416	753
5417	753
5418	753
5419	753
5420	753
5421	753
5422	754
5423	754
5424	754
5425	754
5426	754
5427	754
5428	754
5429	754
5430	754
5431	754
5432	754
5433	755
5434	755
5435	755
5436	755
5437	755
5438	755
5439	755
5440	755
5441	755
5442	755
5443	755
5444	755
5445	755
5446	756
5447	756
5448	756
5449	756
5450	757
5451	757
5452	757
5453	757
5454	757
5455	757
5456	758
5457	758
5458	758
5459	759
5460	759
5461	760
5462	761
5463	761
5464	761
5465	761
5466	761
5467	761
5468	761
5469	761
5470	762
5471	762
5472	762
5473	762
5474	762
5475	763
5476	763
5477	763
5478	763
5479	763
5480	763
5481	763
5482	763
5483	764
5484	765
5485	765
5486	765
5487	765
5488	765
5489	766
5490	766
5491	766
5492	766
5493	766
5494	766
5495	766
5496	766
5497	766
5498	767
5499	767
5500	767
5501	767
5502	767
5503	767
5504	767
5505	768
5506	768
5507	768
5508	768
5509	768
5510	769
5511	769
5512	769
5513	769
5514	769
5515	770
5516	770
5517	770
5518	770
5519	770
5520	771
5521	771
5522	772
5523	772
5524	772
5525	772
5526	772
5527	772
5528	772
5529	772
5530	772
5531	773
5532	773
5533	773
5534	773
5535	774
5536	774
5537	774
5538	774
5539	775
5540	775
5541	775
5542	775
5543	775
5544	776
5545	776
5546	776
5547	776
5548	776
5549	776
5550	776
5551	776
5552	776
5553	776
5554	776
5555	776
5556	777
5557	777
5558	778
5559	779
5560	779
5561	779
5562	779
5563	779
5564	779
5565	779
5566	779
5567	779
5568	780
5569	780
5570	780
5571	780
5572	780
5573	780
5574	781
5575	781
5576	781
5577	781
5578	781
5579	781
5580	781
5581	781
5582	781
5583	781
5584	781
5585	781
5586	782
5587	782
5588	782
5589	782
5590	782
5591	782
5592	782
5593	782
5594	783
5595	783
5596	784
5597	784
5598	784
5599	784
5600	785
5601	785
5602	785
5603	785
5604	785
5605	785
5606	785
5607	785
5608	785
5609	786
5610	786
5611	786
5612	786
5613	786
5614	786
5615	787
5616	787
5617	787
5618	788
5619	788
5620	788
5621	788
5622	788
5623	788
5624	788
5625	788
5626	788
5627	788
5628	788
5629	788
5630	788
5631	788
5632	789
5633	789
5634	789
5635	789
5636	789
5637	789
5638	790
5639	790
5640	790
5641	790
5642	790
5643	790
5644	790
5645	790
5646	790
5647	791
5648	791
5649	791
5650	791
5651	791
5652	791
5653	791
5654	792
5655	792
5656	792
5657	792
5658	792
5659	793
5660	793
5661	793
5662	793
5663	793
5664	793
5665	793
5666	793
5667	793
5668	794
5669	794
5670	794
5671	794
5672	794
5673	794
5674	794
5675	794
5676	794
5677	794
5678	794
5679	794
5680	795
5681	795
5682	795
5683	795
5684	795
5685	795
5686	795
5687	795
5688	795
5689	795
5690	796
5691	796
5692	797
5693	797
5694	797
5695	797
5696	797
5697	797
5698	797
5699	797
5700	797
5701	798
5702	798
5703	798
5704	799
5705	799
5706	799
5707	799
5708	799
5709	799
5710	799
5711	800
5712	800
5713	800
5714	800
5715	800
5716	800
5717	800
5718	800
5719	801
5720	801
5721	801
5722	801
5723	801
5724	801
5725	801
5726	801
5727	801
5728	802
5729	802
5730	802
5731	802
5732	802
5733	802
5734	802
5735	802
5736	802
5737	803
5738	803
5739	803
5740	803
5741	803
5742	803
5743	803
5744	803
5745	803
5746	803
5747	804
5748	804
5749	804
5750	804
5751	804
5752	804
5753	805
5754	805
5755	805
5756	805
5757	805
5758	805
5759	806
5760	806
5761	806
5762	806
5763	806
5764	806
5765	806
5766	806
5767	806
5768	807
5769	807
5770	807
5771	807
5772	807
5773	807
5774	807
5775	807
5776	807
5777	808
5778	808
5779	808
5780	808
5781	808
5782	808
5783	808
5784	808
5785	808
5786	808
5787	811
5788	811
5789	811
5790	811
5791	811
5792	812
5793	812
5794	812
5795	812
5796	812
5797	812
5798	812
5799	813
5800	813
5801	813
5802	814
5803	814
5804	814
5805	815
5806	815
5807	815
5808	815
5809	815
5810	815
5811	815
5812	815
5813	815
5814	815
5815	815
5816	816
5817	816
5818	816
5819	816
5820	816
5821	816
5822	816
5823	816
5824	816
5825	816
5826	817
5827	817
5828	817
5829	817
5830	817
5831	817
5832	817
5833	817
5834	817
5835	817
5836	817
5837	818
5838	818
5839	818
5840	818
5841	818
5842	818
5843	818
5844	818
5845	818
5846	818
5847	819
5848	819
5849	819
5850	819
5851	819
5852	819
5853	819
5854	819
5855	819
5856	819
5857	819
5858	819
5859	819
5860	820
5861	820
5862	820
5863	820
5864	820
5865	821
5866	821
5867	821
5868	821
5869	821
5870	821
5871	821
5872	822
5873	822
5874	822
5875	822
5876	822
5877	822
5878	822
5879	822
5880	822
5881	823
5882	823
5883	823
5884	823
5885	824
5886	824
5887	824
5888	824
5889	824
5890	824
5891	824
5892	824
5893	825
5894	825
5895	825
5896	825
5897	826
5898	826
5899	826
5900	826
5901	826
5902	826
5903	826
5904	826
5905	827
5906	827
5907	827
5908	827
5909	827
5910	827
5911	827
5912	827
5913	827
5914	827
5915	827
5916	827
5917	827
5918	827
5919	827
5920	828
5921	828
5922	828
5923	828
5924	828
5925	828
5926	828
5927	828
5928	828
5929	828
5930	828
5931	829
5932	829
5933	829
5934	829
5935	829
5936	829
5937	829
5938	829
5939	829
5940	829
5941	829
5942	829
5943	829
5944	830
5945	830
5946	830
5947	830
5948	830
5949	830
5950	830
5951	830
5952	830
5953	831
5954	831
5955	831
5956	831
5957	831
5958	831
5959	831
5960	831
5961	831
5962	832
5963	832
5964	832
5965	832
5966	832
5967	833
5968	833
5969	833
5970	833
5971	833
5972	833
5973	833
5974	833
5975	833
5976	834
5977	834
5978	836
5979	836
5980	836
5981	836
5982	836
5983	836
5984	836
