scan_index	filename	raw_page	final_page	raw_entries	final_entries	notes
1	H4 6481 (8,1_0071.jpg	1	1	1,2,3,4,5,7,8,9,10,11,12	1,2,3,4,5,7,8,9,10,11,12	
2	H4 6481 (8,1_0072.jpg	2	2	13,14,15,16,17,18,19,20,21,22,23,24	13,14,15,16,17,18,19,20,21,22,23,24	
3	H4 6481 (8,1_0073.jpg	3	3	25,26,27,28,30,31,32,33,34,35,36	25,26,27,28,30,31,32,33,34,35,36	
4	H4 6481 (8,1_0074.jpg	4	4	37,38,39,40,41,42	37,38,39,40,41,42	
5	H4 6481 (8,1_0075.jpg	5	5	43,44,45,46,47,48,49,50,51,52	43,44,45,46,47,48,49,50,51,52	
6	H4 6481 (8,1_0076.jpg	6	6	53	53	
7	H4 6481 (8,1_0077.jpg	7	7	54,55,56,57,58,59,60,61,62,63,64	54,55,56,57,58,59,60,61,62,63,64	
8	H4 6481 (8,1_0078.jpg	8	8	65,66,67,68,69	65,66,67,68,69	
9	H4 6481 (8,1_0079.jpg	9	9	70,71,72,73,74,75,76	70,71,72,73,74,75,76	
10	H4 6481 (8,1_0080.jpg	10	10			
11	H4 6481 (8,1_0081.jpg	11	11	77,78,79,80,81,82	77,78,79,80,81,82	
12	H4 6481 (8,1_0082.jpg	12	12	83,84,85,86	83,84,85,86	
13	H4 6481 (8,1_0083.jpg	13	13	87,88	87,88	
14	H4 6481 (8,1_0084.jpg	14	14	89,90,91,92,93,94,95,96,97,98	89,90,91,92,93,94,95,96,97,98	
15	H4 6481 (8,1_0085.jpg	15	15	99,100,101	99,100,101	
16	H4 6481 (8,1_0086.jpg	16	16	102,103,104	102,103,104	
17	H4 6481 (8,1_0087.jpg	17	17	105,107,108,109,110	105,107,108,109,110	
18	H4 6481 (8,1_0088.jpg	18	18	14,111,112,113,115,116,118,119	111,112,113,114,115,116,118,119	entry corrected: 14 -> 114
19	H4 6481 (8,1_0089.jpg	19	19	120,121	120,121	
20	H4 6481 (8,1_0090.jpg	20	20			
21	H4 6481 (8,1_0091.jpg	721	21	122,123,124,125,126,127	122,123,124,125,126,127	page normalized: 721 -> 21
22	H4 6481 (8,1_0092.jpg	22	22	128,129,130,131,132,133,134	128,129,130,131,132,133,134	
23	H4 6481 (8,1_0093.jpg	23	23	135,136,137,138,139,140,141	135,136,137,138,139,140,141	
24	H4 6481 (8,1_0094.jpg	24	24	142,143,144,145,146,147,148,149,150	142,143,144,145,146,147,148,149,150	
25	H4 6481 (8,1_0095.jpg	25	25	151,152,153	151,152,153	
26	H4 6481 (8,1_0096.jpg	26	26	154,155,156,157,158	154,155,156,157,158	
27	H4 6481 (8,1_0097.jpg	None	27	159,160,161,162,163,164,165,166	159,160,161,162,163,164,165,166	page normalized: None -> 27
28	H4 6481 (8,1_0098.jpg	28	28	167,168	167,168	
29	H4 6481 (8,1_0099.jpg	None	29	169,170,171,172,173	169,170,171,172,173	page normalized: None -> 29
30	H4 6481 (8,1_0100.jpg	30	30	174,175,176,177	174,175,176,177	
31	H4 6481 (8,1_0101.jpg	31	31	178,179,180,182,183,184,185,186	178,179,180,182,183,184,185,186	
32	H4 6481 (8,1_0102.jpg	32	32	187,188,189,190,191,192,193,194,195	187,188,189,190,191,192,193,194,195	
33	H4 6481 (8,1_0103.jpg	33	33	196,197,198,199,200,201,202,203	196,197,198,199,200,201,202,203	
34	H4 6481 (8,1_0104.jpg	34	34	204,205,207,210,211,212,213,214,215,217,218,219,220,221,222,223,224,225	204,205,207,210,211,212,213,214,215,217,218,219,220,221,222,223,224,225	
35	H4 6481 (8,1_0105.jpg	35	35	226,227,228,229,230,231	226,227,228,229,230,231	
36	H4 6481 (8,1_0106.jpg	36	36	232,233,234,235,236,237,238	232,233,234,235,236,237,238	
37	H4 6481 (8,1_0107.jpg	37	37	239,240,241,242	239,240,241,242	
38	H4 6481 (8,1_0108.jpg	38	38	1,243,244,245,246,247,248,249,250,251,252	243,244,245,246,247,248,249,250,251,252	entry discarded: 1 (too small)
39	H4 6481 (8,1_0109.jpg	39	39	253,254,255,256,257,258,259,260,261,262	253,254,255,256,257,258,259,260,261,262	
40	H4 6481 (8,1_0110.jpg	40	40	263,264,265,266,267	263,264,265,266,267	
41	H4 6481 (8,1_0111.jpg	41	41	268,269,270,271,272	268,269,270,271,272	
42	H4 6481 (8,1_0112.jpg	42	42	273,274,275,276,277,278,279,280	273,274,275,276,277,278,279,280	
43	H4 6481 (8,1_0113.jpg	43	43	281,282,283,284	281,282,283,284	
44	H4 6481 (8,1_0114.jpg	44	44	285,286,287	285,286,287	
45	H4 6481 (8,1_0115.jpg	45	45	288,289,290	288,289,290	
46	H4 6481 (8,1_0116.jpg	46	46	291,292,293,294	291,292,293,294	
47	H4 6481 (8,1_0117.jpg	47	47			
48	H4 6481 (8,1_0118.jpg	48	48			
49	H4 6481 (8,1_0119.jpg	49	49	295,296	295,296	
50	H4 6481 (8,1_0120.jpg	50	50	297,298,299,300,301,302,303,304,305,306,307	297,298,299,300,301,302,303,304,305,306,307	
51	H4 6481 (8,1_0121.jpg	51	51	308,309,310,311,312,313	308,309,310,311,312,313	
52	H4 6481 (8,1_0122.jpg	52	52	314,315,316,317,318,319,320,321,323	314,315,316,317,318,319,320,321,323	
53	H4 6481 (8,1_0123.jpg	53	53	324,325,326,327,328,329	324,325,326,327,328,329	
54	H4 6481 (8,1_0124.jpg	54	54	330,331,332	330,331,332	
55	H4 6481 (8,1_0125.jpg	55	55	333,334,335,336,337,338,339,340,341,342	333,334,335,336,337,338,339,340,341,342	
56	H4 6481 (8,1_0126.jpg	56	56	343,344,345	343,344,345	
57	H4 6481 (8,1_0127.jpg	57	57	346,348,349,350,351,352,353,354	346,348,349,350,351,352,353,354	
58	H4 6481 (8,1_0128.jpg	58	58	355,356,358,359	355,356,358,359	
59	H4 6481 (8,1_0129.jpg	None	59	360,361,362	360,361,362	page normalized: None -> 59
60	H4 6481 (8,1_0130.jpg	60	60	363,364,365,366,367,368,369,370,371,372,373,374,375,376,377,378,379	363,364,365,366,367,368,369,370,371,372,373,374,375,376,377,378,379	
61	H4 6481 (8,1_0131.jpg	61	61	380,381,382,383,384,385,386	380,381,382,383,384,385,386	
62	H4 6481 (8,1_0132.jpg	62	62	387,388,389,390,391,392,393,394	387,388,389,390,391,392,393,394	
63	H4 6481 (8,1_0133.jpg	63	63	2		entry discarded: 2 (too small)
64	H4 6481 (8,1_0134.jpg	64	64	395,396,397,398,399,400,401	395,396,397,398,399,400,401	
65	H4 6481 (8,1_0135.jpg	65	65	402,403,404,405,406,407,409,410,411	402,403,404,405,406,407,409,410,411	
66	H4 6481 (8,1_0136.jpg	66	66	412,413,414,415,416,417,418	412,413,414,415,416,417,418	
67	H4 6481 (8,1_0137.jpg	67	67	419,420,421,422,423,424,425,426	419,420,421,422,423,424,425,426	
68	H4 6481 (8,1_0138.jpg	68	68	427,428,429,430,431,432,433,434,435	427,428,429,430,431,432,433,434,435	
69	H4 6481 (8,1_0139.jpg	69	69	436,437,438	436,437,438	
70	H4 6481 (8,1_0140.jpg	70	70	439,440	439,440	
71	H4 6481 (8,1_0141.jpg	7	71	442,445	442,445	page normalized: 7 -> 71
72	H4 6481 (8,1_0142.jpg	72	72	449,450,452,453	449,450,452,453	
73	H4 6481 (8,1_0143.jpg	18	73	454,455,456,457,458,459,460,461,462,463	454,455,456,457,458,459,460,461,462,463	page normalized: 18 -> 73
74	H4 6481 (8,1_0144.jpg	74	74	464,465,466,467,468,469,470,471	464,465,466,467,468,469,470,471	
75	H4 6481 (8,1_0145.jpg	75	75	472,473,474,475,476,477,478,479,480,481	472,473,474,475,476,477,478,479,480,481	
76	H4 6481 (8,1_0146.jpg	76	76	88,482,483,484,485,486,487	482,483,484,485,486,487,488	entry corrected: 88 -> 488
77	H4 6481 (8,1_0147.jpg	77	77	491,492,493,494,495,496,497,498,499,500	491,492,493,494,495,496,497,498,499,500	
78	H4 6481 (8,1_0148.jpg	78	78	501,502,503,504,505	501,502,503,504,505	
79	H4 6481 (8,1_0149.jpg	79	79	506,507,508,509,510,511,512,513	506,507,508,509,510,511,512,513	
80	H4 6481 (8,1_0150.jpg	80	80			
81	H4 6481 (8,1_0151.jpg	81	81	514,515	514,515	
82	H4 6481 (8,1_0152.jpg	82	82	516,517,518,519,520,521,522,523	516,517,518,519,520,521,522,523	
83	H4 6481 (8,1_0153.jpg	83	83	524,525,526,527,528,529,530,531,532,533	524,525,526,527,528,529,530,531,532,533	
84	H4 6481 (8,1_0154.jpg	84	84	534,535,536,537,538,539,540,541,542	534,535,536,537,538,539,540,541,542	
85	H4 6481 (8,1_0155.jpg	85	85	543,544,545,546,547,548	543,544,545,546,547,548	
86	H4 6481 (8,1_0156.jpg	86	86	549,550,551,552,553,554,555,556,557,558	549,550,551,552,553,554,555,556,557,558	
87	H4 6481 (8,1_0157.jpg	87	87	559,560,561,562,563	559,560,561,562,563	
88	H4 6481 (8,1_0158.jpg	88	88	564,565	564,565	
89	H4 6481 (8,1_0159.jpg	89	89	566,567,568,569,570,571	566,567,568,569,570,571	
90	H4 6481 (8,1_0160.jpg	90	90	572,573	572,573	
91	H4 6481 (8,1_0161.jpg	91	91	574,575,576,577,578	574,575,576,577,578	
92	H4 6481 (8,1_0162.jpg	92	92	579	579	
93	H4 6481 (8,1_0163.jpg	93	93	580,581,582,583,584,585,586,587,588,589,590,591,592,593	580,581,582,583,584,585,586,587,588,589,590,591,592,593	
94	H4 6481 (8,1_0164.jpg	94	94	594,595,596,597,598	594,595,596,597,598	
95	H4 6481 (8,1_0165.jpg	95	95	599,600,601,602,603,604,605,606,607,608	599,600,601,602,603,604,605,606,607,608	
96	H4 6481 (8,1_0166.jpg	96	96	609,610,611,612,613,614,615,616	609,610,611,612,613,614,615,616	
97	H4 6481 (8,1_0167.jpg	97	97	617,618,619,620,621,622,623,624,625	617,618,619,620,621,622,623,624,625	
98	H4 6481 (8,1_0168.jpg	98	98	626,627,628,629,630,631,632,633,634	626,627,628,629,630,631,632,633,634	
99	H4 6481 (8,1_0169.jpg	99	99			
100	H4 6481 (8,1_0170.jpg	100	100			
101	H4 6481 (8,1_0171.jpg	101	101	635,636,637,638,639	635,636,637,638,639	
102	H4 6481 (8,1_0172.jpg	102	102	640,641,642,643,644,645,646,647	640,641,642,643,644,645,646,647	
103	H4 6481 (8,1_0173.jpg	103	103	648,649,650,651,652,654,655,656	648,649,650,651,652,654,655,656	
104	H4 6481 (8,1_0174.jpg	104	104	657,658,659,660,661,662,663,664,665,666,667,668,669	657,658,659,660,661,662,663,664,665,666,667,668,669	
105	H4 6481 (8,1_0175.jpg	105	105	670,671,672,673,674,675,676,677,678,679,680,681	670,671,672,673,674,675,676,677,678,679,680,681	
106	H4 6481 (8,1_0176.jpg	106	106	682,683,684,685,686,687,688,689,690,691,692	682,683,684,685,686,687,688,689,690,691,692	
107	H4 6481 (8,1_0177.jpg	107	107	693,694,695,696,697,698,699	693,694,695,696,697,698,699	
108	H4 6481 (8,1_0178.jpg	108	108	700,701,702,703,704,705,706,707,708,709,710,711,712,713,714	700,701,702,703,704,705,706,707,708,709,710,711,712,713,714	
109	H4 6481 (8,1_0179.jpg	109	109	715,716,717,718,719,720,721,722,723,724,725	715,716,717,718,719,720,721,722,723,724,725	
110	H4 6481 (8,1_0180.jpg	110	110	726,727,728,729,730,731	726,727,728,729,730,731	
111	H4 6481 (8,1_0181.jpg	1	111	739,740,741,742,743,744,745,746,748,749,750	739,740,741,742,743,744,745,746,748,749,750	page normalized: 1 -> 111
112	H4 6481 (8,1_0182.jpg	112	112	751,752,753,754,755,756,757,758,759,760	751,752,753,754,755,756,757,758,759,760	
113	H4 6481 (8,1_0183.jpg	113	113	762,763,764,765,766,767,768,769	762,763,764,765,766,767,768,769	
114	H4 6481 (8,1_0184.jpg	114	114	771,772,773,774,775	771,772,773,774,775	
115	H4 6481 (8,1_0185.jpg	None	115	717,778,779,780,781	778,779,780,781	page normalized: None -> 115 | entry discarded: 717 after previous_max=775
116	H4 6481 (8,1_0186.jpg	116	116	782,783,784,785,786	782,783,784,785,786	
117	H4 6481 (8,1_0187.jpg	None	117	788,789,790,791,792,793,794,795,796,797,798,799,800	788,789,790,791,792,793,794,795,796,797,798,799,800	page normalized: None -> 117
118	H4 6481 (8,1_0188.jpg	118	118	801,802,803,804,805,806,807	801,802,803,804,805,806,807	
119	H4 6481 (8,1_0189.jpg	119	119	808,809,810,811,812,813,814,815,816,817	808,809,810,811,812,813,814,815,816,817	
120	H4 6481 (8,1_0190.jpg	120	120	818,819	818,819	
121	H4 6481 (8,1_0191.jpg	12	121	820,821,823,824,825,826,827	820,821,823,824,825,826,827	page normalized: 12 -> 121
122	H4 6481 (8,1_0192.jpg	122	122	4,828,829,830,831,832	828,829,830,831,832	entry discarded: 4 (too small)
123	H4 6481 (8,1_0193.jpg	123	123	835,836,837,838,839,840,841,843,844,845,846	835,836,837,838,839,840,841,843,844,845,846	
124	H4 6481 (8,1_0194.jpg	124	124	5,56,848,851,852,853	848,851,852,853,856	entry discarded: 5 (too small) | entry corrected: 56 -> 856
125	H4 6481 (8,1_0195.jpg	125	125	858,859,860,861,862,863,864,865,866,867,868,869,870	858,859,860,861,862,863,864,865,866,867,868,869,870	
126	H4 6481 (8,1_0196.jpg	126	126	871,872,873	871,872,873	
127	H4 6481 (8,1_0197.jpg	127	127	874,875,876,878,879,880,881	874,875,876,878,879,880,881	
128	H4 6481 (8,1_0198.jpg	128	128	882,883,884,885,886,887,888,889	882,883,884,885,886,887,888,889	
129	H4 6481 (8,1_0199.jpg	129	129	1,390,891,892,893,894,895	890,891,892,893,894,895	entry discarded: 1 (too small) | entry corrected: 390 -> 890
130	H4 6481 (8,1_0200.jpg	130	130	896,897,898,899,900,901	896,897,898,899,900,901	
131	H4 6481 (8,1_0201.jpg	131	131	5,902,903,904,905,906,907	902,903,904,905,906,907	entry discarded: 5 (too small)
132	H4 6481 (8,1_0202.jpg	132	132	908,909	908,909	
133	H4 6481 (8,1_0203.jpg	133	133	913,914,915,916,917	913,914,915,916,917	
134	H4 6481 (8,1_0204.jpg	134	134	919,920	919,920	
135	H4 6481 (8,1_0205.jpg	135	135	921,922,923,924,925,926,927	921,922,923,924,925,926,927	
136	H4 6481 (8,1_0206.jpg	136	136	929,930	929,930	
137	H4 6481 (8,1_0207.jpg	37	137	931	931	page normalized: 37 -> 137
138	H4 6481 (8,1_0208.jpg	138	138	932,933,934,935,936	932,933,934,935,936	
139	H4 6481 (8,1_0209.jpg	139	139	937,938,939,940,941,942,943,944,945,946,947,948,949	937,938,939,940,941,942,943,944,945,946,947,948,949	
140	H4 6481 (8,1_0210.jpg	140	140	950,951,953,954,955,956,957	950,951,953,954,955,956,957	
141	H4 6481 (8,1_0211.jpg	141	141	958,959,960,961	958,959,960,961	
142	H4 6481 (8,1_0212.jpg	142	142	962,963,964,965,966,967	962,963,964,965,966,967	
143	H4 6481 (8,1_0213.jpg	143	143	968,969,970,971,972,973,974,975,976,977,978	968,969,970,971,972,973,974,975,976,977,978	
144	H4 6481 (8,1_0214.jpg	144	144	82,979,980,981	979,980,981,982	entry corrected: 82 -> 982
145	H4 6481 (8,1_0215.jpg	145	145	985,986,987,988,989,991,992,993	985,986,987,988,989,991,992,993	
146	H4 6481 (8,1_0216.jpg	146	146	994,995,996,997,998,999	994,995,996,997,998,999	
147	H4 6481 (8,1_0217.jpg	147	147	1001,1002,1004,1005	1001,1002,1004,1005	
148	H4 6481 (8,1_0218.jpg	148	148	12,1006,1007,1008,1009,1010,1011	1006,1007,1008,1009,1010,1011,1012	entry corrected: 12 -> 1012
149	H4 6481 (8,1_0219.jpg	149	149	1013,1014,1015,1016,1017	1013,1014,1015,1016,1017	
150	H4 6481 (8,1_0220.jpg	150	150	3,22,1019,1020,1021	1019,1020,1021,1022	entry discarded: 3 (too small) | entry corrected: 22 -> 1022
151	H4 6481 (8,1_0221.jpg	151	151	5,1027,1028,1029,1030,1031,1032,1033,1034,1035,1036,1037,1038,1040	1027,1028,1029,1030,1031,1032,1033,1034,1035,1036,1037,1038,1040	entry discarded: 5 (too small)
152	H4 6481 (8,1_0222.jpg	None	152	1041,1042,1043,1044,1045,1046	1041,1042,1043,1044,1045,1046	page normalized: None -> 152
153	H4 6481 (8,1_0223.jpg	153	153	1047,1048,1049,1050,1051,1052,1053,1054,1055,1056	1047,1048,1049,1050,1051,1052,1053,1054,1055,1056	
154	H4 6481 (8,1_0224.jpg	154	154	6,1058,1059,1060,1064,1065	1058,1059,1060,1064,1065	entry discarded: 6 (too small)
155	H4 6481 (8,1_0225.jpg	155	155	1067,1068,1069,1070,1071,1072,1073,1074,1075,1076	1067,1068,1069,1070,1071,1072,1073,1074,1075,1076	
156	H4 6481 (8,1_0226.jpg	156	156	6,84,85,1077,1078,1079,1080,1081,1082	1077,1078,1079,1080,1081,1082,1084,1085	entry discarded: 6 (too small) | entry corrected: 84 -> 1084 | entry corrected: 85 -> 1085
157	H4 6481 (8,1_0227.jpg	157	157	1088,1089,1090,1091,1092,1093	1088,1089,1090,1091,1092,1093	
158	H4 6481 (8,1_0228.jpg	158	158	1096,1097	1096,1097	
159	H4 6481 (8,1_0229.jpg	159	159	1098,1099,1100,1101,1102	1098,1099,1100,1101,1102	
160	H4 6481 (8,1_0230.jpg	160	160			
161	H4 6481 (8,1_0231.jpg	161	161	1104,1105,1106,1107,1108,1109,1110,1111,1112	1104,1105,1106,1107,1108,1109,1110,1111,1112	
162	H4 6481 (8,1_0232.jpg	162	162	8,1114,1115,1116,1117,1118	1114,1115,1116,1117,1118	entry discarded: 8 (too small)
163	H4 6481 (8,1_0233.jpg	163	163	1119,1120,1121,1122,1123,1124,1126,1127,1128	1119,1120,1121,1122,1123,1124,1126,1127,1128	
164	H4 6481 (8,1_0234.jpg	164	164	1129,1130,1131,1132,1133,1134,1135,1136,1137,1138	1129,1130,1131,1132,1133,1134,1135,1136,1137,1138	
165	H4 6481 (8,1_0235.jpg	165	165	1139,1140,1141,1142,1143,1144	1139,1140,1141,1142,1143,1144	
166	H4 6481 (8,1_0236.jpg	166	166	1145,1146,1147,1148	1145,1146,1147,1148	
167	H4 6481 (8,1_0237.jpg	167	167	1149,1151,1153,1154,1155	1149,1151,1153,1154,1155	
168	H4 6481 (8,1_0238.jpg	168	168	1156,1157,1158,1159,1160,1161,1162,1163,1164,1165,1166,1167,1168	1156,1157,1158,1159,1160,1161,1162,1163,1164,1165,1166,1167,1168	
169	H4 6481 (8,1_0239.jpg	169	169	1170,1171,1172,1173,1174,1175,1176,1177,1178,1179	1170,1171,1172,1173,1174,1175,1176,1177,1178,1179	
170	H4 6481 (8,1_0240.jpg	170	170	1181,1182,1183,1184,1185,1186,1187,1188,1189	1181,1182,1183,1184,1185,1186,1187,1188,1189	
171	H4 6481 (8,1_0241.jpg	171	171			
172	H4 6481 (8,1_0242.jpg	172	172	97,196,1190,1191,1194	1190,1191,1194,1196,1197	entry corrected: 97 -> 1197 | entry corrected: 196 -> 1196
173	H4 6481 (8,1_0243.jpg	173	173	1198,1199,1200	1198,1199,1200	
174	H4 6481 (8,1_0244.jpg	174	174	8,1201,1202	1201,1202	entry discarded: 8 (too small)
175	H4 6481 (8,1_0245.jpg	175	175	1206,1207	1206,1207	
176	H4 6481 (8,1_0246.jpg	176	176	1208,1209,1210,1211,1212,1213,1214	1208,1209,1210,1211,1212,1213,1214	
177	H4 6481 (8,1_0247.jpg	None	177	1215,1216,1217,1218,1219,1220,1221,1222,1223,1224,1225,1226	1215,1216,1217,1218,1219,1220,1221,1222,1223,1224,1225,1226	page normalized: None -> 177
178	H4 6481 (8,1_0248.jpg	178	178	1227,1228,1229,1230,1231,1232,1233,1234	1227,1228,1229,1230,1231,1232,1233,1234	
179	H4 6481 (8,1_0249.jpg	179	179	1235,1236,1237,1238,1239,1240,1241,1242	1235,1236,1237,1238,1239,1240,1241,1242	
180	H4 6481 (8,1_0250.jpg	180	180	1243,1244,1245,1247,1248,1249,1250,1251,1252	1243,1244,1245,1247,1248,1249,1250,1251,1252	
181	H4 6481 (8,1_0251.jpg	181	181	1253,1255,1256	1253,1255,1256	
182	H4 6481 (8,1_0252.jpg	182	182	59,1257	1257,1259	entry corrected: 59 -> 1259
183	H4 6481 (8,1_0253.jpg	183	183			
184	H4 6481 (8,1_0254.jpg	184	184			
185	H4 6481 (8,1_0255.jpg	185	185			
186	H4 6481 (8,1_0256.jpg	186	186	1260,1261,1262	1260,1261,1262	
187	H4 6481 (8,1_0257.jpg	187	187	268,1263,1264,1266,1267,1269,1270,1271,1272	1263,1264,1266,1267,1268,1269,1270,1271,1272	entry corrected: 268 -> 1268
188	H4 6481 (8,1_0258.jpg	188	188	82,1273,1274,1275,1276,1277,1278,1279,1280	1273,1274,1275,1276,1277,1278,1279,1280,1282	entry corrected: 82 -> 1282
189	H4 6481 (8,1_0259.jpg	189	189	1284,1285,1287,1289,1290,1291,1292	1284,1285,1287,1289,1290,1291,1292	
190	H4 6481 (8,1_0260.jpg	190	190	4293,4294,4295,4296,4299	1293,1294,1295,1296,1299	entry corrected: 4293 -> 1293 | entry corrected: 4294 -> 1294 | entry corrected: 4295 -> 1295 | entry corrected: 4296 -> 1296 | entry corrected: 4299 -> 1299
191	H4 6481 (8,1_0261.jpg	19	191	1302,1303,1304,1305,1306,1307,1308,1309,1310	1302,1303,1304,1305,1306,1307,1308,1309,1310	page normalized: 19 -> 191
192	H4 6481 (8,1_0262.jpg	192	192	315,1312,1313,1314	1312,1313,1314,1315	entry corrected: 315 -> 1315
193	H4 6481 (8,1_0263.jpg	193	193	1316,1317,1318,1319,1320,1321	1316,1317,1318,1319,1320,1321	
194	H4 6481 (8,1_0264.jpg	194	194	325,1322,1323	1322,1323,1325	entry corrected: 325 -> 1325
195	H4 6481 (8,1_0265.jpg	195	195	329,1326,1327,1328,1331,1332	1326,1327,1328,1329,1331,1332	entry corrected: 329 -> 1329
196	H4 6481 (8,1_0266.jpg	196	196	1333,1334,1335	1333,1334,1335	
197	H4 6481 (8,1_0267.jpg	197	197	1336,1337,1339,1340,1341,1342,1343,1344,1345	1336,1337,1339,1340,1341,1342,1343,1344,1345	
198	H4 6481 (8,1_0268.jpg	198	198	1346,1348,1349,1350,1351	1346,1348,1349,1350,1351	
199	H4 6481 (8,1_0269.jpg	199	199	1352,1353,1354,1355,1356,1357,1358,1359,1361,1362	1352,1353,1354,1355,1356,1357,1358,1359,1361,1362	
200	H4 6481 (8,1_0270.jpg	200	200	368,1363,1364,1365,1366	1363,1364,1365,1366,1368	entry corrected: 368 -> 1368
201	H4 6481 (8,1_0271.jpg	201	201	8,1369,1370,1371,1372,1373,1374,1375	1369,1370,1371,1372,1373,1374,1375	entry discarded: 8 (too small)
202	H4 6481 (8,1_0272.jpg	202	202	1379,1380,1381,1382,1383,1384,1385,1386	1379,1380,1381,1382,1383,1384,1385,1386	
203	H4 6481 (8,1_0273.jpg	203	203	1387,1388,1389,1390,1391,1392,1393,1394,1395,1396	1387,1388,1389,1390,1391,1392,1393,1394,1395,1396	
204	H4 6481 (8,1_0274.jpg	204	204	1397,1398	1397,1398	
205	H4 6481 (8,1_0275.jpg	None	205	1399,1400,1401,1402,1403,1404,1405,1406,1407,1408	1399,1400,1401,1402,1403,1404,1405,1406,1407,1408	page normalized: None -> 205
206	H4 6481 (8,1_0276.jpg	206	206	1409,1410,1411,1412,1413	1409,1410,1411,1412,1413	
207	H4 6481 (8,1_0277.jpg	207	207	1415,1416,1418,1419,1420,1421,1422,1423,1425	1415,1416,1418,1419,1420,1421,1422,1423,1425	
208	H4 6481 (8,1_0278.jpg	208	208	1426,1427,1428,1429,1431	1426,1427,1428,1429,1431	
209	H4 6481 (8,1_0279.jpg	209	209	1,1432,1433,1434	1432,1433,1434	entry discarded: 1 (too small)
210	H4 6481 (8,1_0280.jpg	210	210	1435,1436,1437,1438,1439	1435,1436,1437,1438,1439	
211	H4 6481 (8,1_0281.jpg	None	211	46,447,1440,1441,1442,1443,1444,1445	1440,1441,1442,1443,1444,1445,1446,1447	page normalized: None -> 211 | entry corrected: 46 -> 1446 | entry corrected: 447 -> 1447
212	H4 6481 (8,1_0282.jpg	212	212	451	1451	entry corrected: 451 -> 1451
213	H4 6481 (8,1_0283.jpg	213	213	1453,1454,1455,1456,1457,1458,1459,1460,1461,1462	1453,1454,1455,1456,1457,1458,1459,1460,1461,1462	
214	H4 6481 (8,1_0284.jpg	214	214	1463,1464,1465,1466,1467,1468,1469,1470,1471,1472,1473	1463,1464,1465,1466,1467,1468,1469,1470,1471,1472,1473	
215	H4 6481 (8,1_0285.jpg	None	215	1474,1476,1477,1478,1479,1480,1481,1482	1474,1476,1477,1478,1479,1480,1481,1482	page normalized: None -> 215
216	H4 6481 (8,1_0286.jpg	216	216	4,38,1483,1484,1485	1483,1484,1485	entry discarded: 4 (too small) | entry discarded: 38 after previous_max=1482
217	H4 6481 (8,1_0287.jpg	1497	217	1494,1495,1496,1497,1498	1494,1495,1496,1497,1498	page normalized: 1497 -> 217
218	H4 6481 (8,1_0288.jpg	218	218	1499,1500,1501,1502	1499,1500,1501,1502	
219	H4 6481 (8,1_0289.jpg	219	219	1503,1504,1505,1506,1507,1508	1503,1504,1505,1506,1507,1508	
220	H4 6481 (8,1_0290.jpg	220	220	1509,1510,1511,1512,1513,1515,1517,1518	1509,1510,1511,1512,1513,1515,1517,1518	
221	H4 6481 (8,1_0291.jpg	221	221	1520,1521,1522,1523,1524,1525,1526,1527,1528	1520,1521,1522,1523,1524,1525,1526,1527,1528	
222	H4 6481 (8,1_0292.jpg	None	222	1529,1530,1531,1532,1533	1529,1530,1531,1532,1533	page normalized: None -> 222
223	H4 6481 (8,1_0293.jpg	223	223	1534,1535,1536,1537,1538,1539,1540,1541,1542,1543	1534,1535,1536,1537,1538,1539,1540,1541,1542,1543	
224	H4 6481 (8,1_0294.jpg	224	224	46,1544,1545	1544,1545,1546	entry corrected: 46 -> 1546
225	H4 6481 (8,1_0295.jpg	225	225	1547,1548,1549,1550,1551,1552,1553,1554	1547,1548,1549,1550,1551,1552,1553,1554	
226	H4 6481 (8,1_0296.jpg	226	226	1555,1556,1557,1558	1555,1556,1557,1558	
227	H4 6481 (8,1_0297.jpg	None	227	1559	1559	page normalized: None -> 227
228	H4 6481 (8,1_0298.jpg	228	228			
229	H4 6481 (8,1_0299.jpg	229	229	1561	1561	
230	H4 6481 (8,1_0300.jpg	230	230	6,1562,1563,1564	1562,1563,1564	entry discarded: 6 (too small)
231	H4 6481 (8,1_0301.jpg	231	231	1567,1568,1569,1570,1571,1572,1573,1574	1567,1568,1569,1570,1571,1572,1573,1574	
232	H4 6481 (8,1_0302.jpg	232	232	1575,1576,1577,1578,1579,1580,1581	1575,1576,1577,1578,1579,1580,1581	
233	H4 6481 (8,1_0303.jpg	233	233	1582,1583,1584,1585,1586	1582,1583,1584,1585,1586	
234	H4 6481 (8,1_0304.jpg	234	234	1587,1588,1589	1587,1588,1589	
235	H4 6481 (8,1_0305.jpg	239	235	1592,1593,1594,1595,1596,1597,1598,1599	1592,1593,1594,1595,1596,1597,1598,1599	page normalized: 239 -> 235
236	H4 6481 (8,1_0306.jpg	236	236	1600,1601,1602,1603,1604,1605,1606,1607,1608	1600,1601,1602,1603,1604,1605,1606,1607,1608	
237	H4 6481 (8,1_0307.jpg	None	237	1609,1610,1612,1613,1614,1615,1616,1617	1609,1610,1612,1613,1614,1615,1616,1617	page normalized: None -> 237
238	H4 6481 (8,1_0308.jpg	238	238	1618,1619,1620,1621,1622,1623,1624,1625,1626,1627,1628	1618,1619,1620,1621,1622,1623,1624,1625,1626,1627,1628	
239	H4 6481 (8,1_0309.jpg	239	239	1629,1630,1631,1632,1633,1634,1635,1636	1629,1630,1631,1632,1633,1634,1635,1636	
240	H4 6481 (8,1_0310.jpg	240	240	1637,1638,1639	1637,1638,1639	
241	H4 6481 (8,1_0311.jpg	241	241	1640,1641,1642,1643,1644	1640,1641,1642,1643,1644	
242	H4 6481 (8,1_0312.jpg	242	242	48,1645,1646	1645,1646,1648	entry corrected: 48 -> 1648
243	H4 6481 (8,1_0313.jpg	243	243	650,1651,1652,1653,1654,1655,1656	1650,1651,1652,1653,1654,1655,1656	entry corrected: 650 -> 1650
244	H4 6481 (8,1_0314.jpg	244	244	1657,1658,1659,1660,1661,1662,1663,1664,1665,1666	1657,1658,1659,1660,1661,1662,1663,1664,1665,1666	
245	H4 6481 (8,1_0315.jpg	245	245	1667,1668,1669,1670,1671,1672,1673	1667,1668,1669,1670,1671,1672,1673	
246	H4 6481 (8,1_0316.jpg	246	246	1674,1675,1676,1677	1674,1675,1676,1677	
247	H4 6481 (8,1_0317.jpg	247	247	1,39,1679,1683,1685	1679,1683,1685	entry discarded: 1 (too small) | entry discarded: 39 after previous_max=1677
248	H4 6481 (8,1_0318.jpg	248	248	1686,1687,1688,1689,1690	1686,1687,1688,1689,1690	
249	H4 6481 (8,1_0319.jpg	249	249	1691,1692,1693,1694,1695,1696,1697,1698	1691,1692,1693,1694,1695,1696,1697,1698	
250	H4 6481 (8,1_0320.jpg	250	250	8,707,1699,1700,1701,1702,1703,1704,1705,1706	1699,1700,1701,1702,1703,1704,1705,1706,1707	entry discarded: 8 (too small) | entry corrected: 707 -> 1707
251	H4 6481 (8,1_0321.jpg	None	251	1711,1712,1713,1714,1715,1716,1717	1711,1712,1713,1714,1715,1716,1717	page normalized: None -> 251
252	H4 6481 (8,1_0322.jpg	252	252	1718,1719,1720,1721,1722,1723,1724	1718,1719,1720,1721,1722,1723,1724	
253	H4 6481 (8,1_0323.jpg	258	253	5,728,1725,1726,1727,1729,1730	1725,1726,1727,1728,1729,1730	page normalized: 258 -> 253 | entry discarded: 5 (too small) | entry corrected: 728 -> 1728
254	H4 6481 (8,1_0324.jpg	254	254	740,741,1731,1732,1733,1734,1735,1736,1737,1738,1739	1731,1732,1733,1734,1735,1736,1737,1738,1739,1740,1741	entry corrected: 740 -> 1740 | entry corrected: 741 -> 1741
255	H4 6481 (8,1_0325.jpg	255	255	1742,1743,1744,1745,1746,1747,1748,1749,1750	1742,1743,1744,1745,1746,1747,1748,1749,1750	
256	H4 6481 (8,1_0326.jpg	256	256	4,4751,4752	1751,1752	entry discarded: 4 (too small) | entry corrected: 4751 -> 1751 | entry corrected: 4752 -> 1752
257	H4 6481 (8,1_0327.jpg	257	257	1754,1755,1756,1757,1758,1759	1754,1755,1756,1757,1758,1759	
258	H4 6481 (8,1_0328.jpg	258	258	1760,1761,1762,1763,1764,1765,1766	1760,1761,1762,1763,1764,1765,1766	
259	H4 6481 (8,1_0329.jpg	259	259			
260	H4 6481 (8,1_0330.jpg	260	260	1767,1768	1767,1768	
261	H4 6481 (8,1_0331.jpg	261	261	1769,1770	1769,1770	
262	H4 6481 (8,1_0332.jpg	262	262	8,73,1772	1772,1773	entry discarded: 8 (too small) | entry corrected: 73 -> 1773
263	H4 6481 (8,1_0333.jpg	263	263	1775,1776,1777,1778,1779,1780,1781,1782,1783,1784,1785,1786,1787	1775,1776,1777,1778,1779,1780,1781,1782,1783,1784,1785,1786,1787	
264	H4 6481 (8,1_0334.jpg	264	264	1788,1789,1790,1791,1792,1793,1794,1795,1796,1797,1798	1788,1789,1790,1791,1792,1793,1794,1795,1796,1797,1798	
265	H4 6481 (8,1_0335.jpg	265	265	1799,1800,1801,1802,1803,1804,1805,1806	1799,1800,1801,1802,1803,1804,1805,1806	
266	H4 6481 (8,1_0336.jpg	266	266	1807,1808,1809,1810,1811,1812,1813,1814	1807,1808,1809,1810,1811,1812,1813,1814	
267	H4 6481 (8,1_0337.jpg	267	267	1815,1816	1815,1816	
268	H4 6481 (8,1_0338.jpg	268	268			
269	H4 6481 (8,1_0339.jpg	269	269	1817,1818,1819,1820,1821,1822,1823,1824,1825,1826	1817,1818,1819,1820,1821,1822,1823,1824,1825,1826	
270	H4 6481 (8,1_0340.jpg	270	270	1827,1828,1829,1830,1831	1827,1828,1829,1830,1831	
271	H4 6481 (8,1_0341.jpg	None	271	1832,1833,1835,1836	1832,1833,1835,1836	page normalized: None -> 271
272	H4 6481 (8,1_0342.jpg	272	272	1837,1838,1839,1840,1841,1842,1843,1844,1845,1846,1847,1848,1849	1837,1838,1839,1840,1841,1842,1843,1844,1845,1846,1847,1848,1849	
273	H4 6481 (8,1_0343.jpg	273	273	5,53,56,1850,1857,1951,1952,2137	1850,1853,1856,1857	entry discarded: 5 (too small) | entry corrected: 53 -> 1853 | entry corrected: 56 -> 1856 | entry corrected: 1951 -> 1951 | entry corrected: 1952 -> 1952 | entry corrected: 2137 -> 1937 | entry discarded: 1937 (internal gap 80) | entry discarded: 1951 (internal gap 94) | entry discarded: 1952 (internal gap 95)
274	H4 6481 (8,1_0344.jpg	274	274	1858,1859,1860,1861,1862,1863,1864	1858,1859,1860,1861,1862,1863,1864	
275	H4 6481 (8,1_0345.jpg	275	275	1,68,69,70,1865,1866,1867	1865,1866,1867,1868,1869,1870	entry discarded: 1 (too small) | entry corrected: 68 -> 1868 | entry corrected: 69 -> 1869 | entry corrected: 70 -> 1870
276	H4 6481 (8,1_0346.jpg	276	276	1872,1873,1874,1875,1876	1872,1873,1874,1875,1876	
277	H4 6481 (8,1_0347.jpg	277	277	1877,1878	1877,1878	
278	H4 6481 (8,1_0348.jpg	278	278	1879,1880,1881,1882,1883,1884	1879,1880,1881,1882,1883,1884	
279	H4 6481 (8,1_0349.jpg	None	279	1885,1886,1887,1888,1889,1890	1885,1886,1887,1888,1889,1890	page normalized: None -> 279
280	H4 6481 (8,1_0350.jpg	280	280	97,340,1891,1895	1891,1895,1897	entry corrected: 97 -> 1897 | entry discarded: 340 after previous_max=1890
281	H4 6481 (8,1_0351.jpg	281	281	1898,1899,1900,1901,1902,1903,1904	1898,1899,1900,1901,1902,1903,1904	
282	H4 6481 (8,1_0352.jpg	282	282	1905,1906,1907,1908,1909	1905,1906,1907,1908,1909	
283	H4 6481 (8,1_0353.jpg	283	283	1910,1912,1913,1914	1910,1912,1913,1914	
284	H4 6481 (8,1_0354.jpg	284	284	1915,1916,1917,1918,1919,1920,1921,1922,1923,1924	1915,1916,1917,1918,1919,1920,1921,1922,1923,1924	
285	H4 6481 (8,1_0355.jpg	285	285	1925,1926,1927,1928,1929	1925,1926,1927,1928,1929	
286	H4 6481 (8,1_0356.jpg	286	286	1,1930,1931,1932,1933,1934,1935,1936,1937,1938	1930,1931,1932,1933,1934,1935,1936,1937,1938	entry discarded: 1 (too small)
287	H4 6481 (8,1_0357.jpg	287	287	1939,1940,1941,1942	1939,1940,1941,1942	
288	H4 6481 (8,1_0358.jpg	288	288	1943,1944,1945,1946,1947,1948,1949,1950,1951	1943,1944,1945,1946,1947,1948,1949,1950,1951	
289	H4 6481 (8,1_0359.jpg	289	289	1952,1953,1954,1955,1956,1957,1958,1959,1960,1961	1952,1953,1954,1955,1956,1957,1958,1959,1960,1961	
290	H4 6481 (8,1_0360.jpg	290	290	1962,1963,1964,1965,1966	1962,1963,1964,1965,1966	
291	H4 6481 (8,1_0361.jpg	291	291	1967	1967	
292	H4 6481 (8,1_0362.jpg	292	292	1975,1976,1977,1978,1979,1980,1981,1982,1983,1984	1975,1976,1977,1978,1979,1980,1981,1982,1983,1984	
293	H4 6481 (8,1_0363.jpg	293	293	1985,1986,1987,1988,1989,1990,1991,1992	1985,1986,1987,1988,1989,1990,1991,1992	
294	H4 6481 (8,1_0364.jpg	294	294	1993,1994,1995,1996	1993,1994,1995,1996	
295	H4 6481 (8,1_0365.jpg	295	295	1997,1998,1999,2000,2001,2002	1997,1998,1999,2000,2001,2002	
296	H4 6481 (8,1_0366.jpg	296	296	2003,2004,2005,2006,2007,2008	2003,2004,2005,2006,2007,2008	
297	H4 6481 (8,1_0367.jpg	297	297	2009,2010,2011,2012,2013	2009,2010,2011,2012,2013	
298	H4 6481 (8,1_0368.jpg	298	298	2014	2014	
299	H4 6481 (8,1_0369.jpg	299	299	2015,2016,2017,2018	2015,2016,2017,2018	
300	H4 6481 (8,1_0370.jpg	300	300	2019,2020,2021,2022,2023,2024,2025,2026,2027	2019,2020,2021,2022,2023,2024,2025,2026,2027	
301	H4 6481 (8,1_0371.jpg	301	301	2028,2029	2028,2029	
302	H4 6481 (8,1_0372.jpg	302	302	2030,2031,2032,2033,2034,2035,2036,2037,2038	2030,2031,2032,2033,2034,2035,2036,2037,2038	
303	H4 6481 (8,1_0373.jpg	303	303	2039,2040,2041,2042,2043,2044,2045,2046,2047,2048,2049	2039,2040,2041,2042,2043,2044,2045,2046,2047,2048,2049	
304	H4 6481 (8,1_0374.jpg	304	304	2050,2051,2052,2053	2050,2051,2052,2053	
305	H4 6481 (8,1_0375.jpg	305	305	5,56	2056	entry discarded: 5 (too small) | entry corrected: 56 -> 2056
306	H4 6481 (8,1_0376.jpg	306	306	2057,2058,2059,2060,2061,2062	2057,2058,2059,2060,2061,2062	
307	H4 6481 (8,1_0377.jpg	307	307	2063,2064	2063,2064	
308	H4 6481 (8,1_0378.jpg	308	308	2065,2066,2067,2068	2065,2066,2067,2068	
309	H4 6481 (8,1_0379.jpg	309	309	2069,2070,2071,2072,2073,2074,2075,2076	2069,2070,2071,2072,2073,2074,2075,2076	
310	H4 6481 (8,1_0380.jpg	310	310	1,80,2077,2078	2077,2078,2080	entry discarded: 1 (too small) | entry corrected: 80 -> 2080
311	H4 6481 (8,1_0381.jpg	311	311	2082,2083,2084	2082,2083,2084	
312	H4 6481 (8,1_0382.jpg	312	312	2085,2086,2087,2088	2085,2086,2087,2088	
313	H4 6481 (8,1_0383.jpg	318	313	2089,2090,2091,2092,2093,2094,2095,2096	2089,2090,2091,2092,2093,2094,2095,2096	page normalized: 318 -> 313
314	H4 6481 (8,1_0384.jpg	314	314	2097,2098,2099,2100,2101,2102	2097,2098,2099,2100,2101,2102	
315	H4 6481 (8,1_0385.jpg	None	315	2103,2104,2105,2106,2107	2103,2104,2105,2106,2107	page normalized: None -> 315
316	H4 6481 (8,1_0386.jpg	316	316	2108,2109,2110,2111,2112	2108,2109,2110,2111,2112	
317	H4 6481 (8,1_0387.jpg	None	317	2113,2115	2113,2115	page normalized: None -> 317
318	H4 6481 (8,1_0388.jpg	318	318	2116,2117,2118,2119,2120,2121,2122	2116,2117,2118,2119,2120,2121,2122	
319	H4 6481 (8,1_0389.jpg	319	319	2123,2124,2125,2126,2127,2128,2129,2130,2131,2132,2133,2134	2123,2124,2125,2126,2127,2128,2129,2130,2131,2132,2133,2134	
320	H4 6481 (8,1_0390.jpg	320	320	2135,2136,2137,2138,2139,2140	2135,2136,2137,2138,2139,2140	
321	H4 6481 (8,1_0391.jpg	321	321	2141,2142,2143,2144	2141,2142,2143,2144	
322	H4 6481 (8,1_0392.jpg	322	322	2145,2146,2147,2148,2149,2150,2151,2152,2153,2154,2155,2156	2145,2146,2147,2148,2149,2150,2151,2152,2153,2154,2155,2156	
323	H4 6481 (8,1_0393.jpg	323	323	2157,2158,2159,2160,2161	2157,2158,2159,2160,2161	
324	H4 6481 (8,1_0394.jpg	324	324	2162,2163,2164,2165,2166,2167,2168,2169,2170	2162,2163,2164,2165,2166,2167,2168,2169,2170	
325	H4 6481 (8,1_0395.jpg	325	325	2171,2172,2173,2174,2175,2176,2177,2178,2179,2180,2181,2182,2183	2171,2172,2173,2174,2175,2176,2177,2178,2179,2180,2181,2182,2183	
326	H4 6481 (8,1_0396.jpg	326	326	2184,2185,2186,2187,2188	2184,2185,2186,2187,2188	
327	H4 6481 (8,1_0397.jpg	327	327	2189,2190,2191,2192	2189,2190,2191,2192	
328	H4 6481 (8,1_0398.jpg	328	328	2193,2194,2195,2196,2197,2198	2193,2194,2195,2196,2197,2198	
329	H4 6481 (8,1_0399.jpg	329	329			
330	H4 6481 (8,1_0400.jpg	330	330	2199,2200,2201	2199,2200,2201	
331	H4 6481 (8,1_0401.jpg	331	331	2202,2203,2204,2205	2202,2203,2204,2205	
332	H4 6481 (8,1_0402.jpg	332	332	2206,2207,2208	2206,2207,2208	
333	H4 6481 (8,1_0403.jpg	333	333	2209,2210,2211	2209,2210,2211	
334	H4 6481 (8,1_0404.jpg	334	334	2212,2213,2214,2215,2216,2217,2219,2220,2221,2222	2212,2213,2214,2215,2216,2217,2219,2220,2221,2222	
335	H4 6481 (8,1_0405.jpg	335	335	2223	2223	
336	H4 6481 (8,1_0406.jpg	336	336	2224,2225,2228,2229,2230	2224,2225,2228,2229,2230	
337	H4 6481 (8,1_0407.jpg	None	337	2231,2233,2234,2235,2236,2237,2238	2231,2233,2234,2235,2236,2237,2238	page normalized: None -> 337
338	H4 6481 (8,1_0408.jpg	338	338	2239,2240,2241	2239,2240,2241	
339	H4 6481 (8,1_0409.jpg	339	339	1,50,2242,2243,2244,2245,2247,2248,2249	2242,2243,2244,2245,2247,2248,2249,2250	entry discarded: 1 (too small) | entry corrected: 50 -> 2250
340	H4 6481 (8,1_0410.jpg	340	340	2252,2253,2254,2255,2256,2257,2258,2259	2252,2253,2254,2255,2256,2257,2258,2259	
341	H4 6481 (8,1_0411.jpg	341	341	2260,2261,2262,2263,2264,2265,2266,2267,2268	2260,2261,2262,2263,2264,2265,2266,2267,2268	
342	H4 6481 (8,1_0412.jpg	342	342	2269,2270,2271,2272,2273,2274	2269,2270,2271,2272,2273,2274	
343	H4 6481 (8,1_0413.jpg	343	343	2275,2276,2277,2278	2275,2276,2277,2278	
344	H4 6481 (8,1_0414.jpg	344	344			
345	H4 6481 (8,1_0415.jpg	345	345	2279,2280	2279,2280	
346	H4 6481 (8,1_0416.jpg	346	346	2281,2282,2283,2284,2285,2286,2287	2281,2282,2283,2284,2285,2286,2287	
347	H4 6481 (8,1_0417.jpg	347	347	25,2288	2288	entry discarded: 25 after previous_max=2287
348	H4 6481 (8,1_0418.jpg	348	348	2297,2298,2299,2300,2301,2302,2303,2304,2305,2306	2297,2298,2299,2300,2301,2302,2303,2304,2305,2306	
349	H4 6481 (8,1_0419.jpg	349	349	12,313,2307	2307,2312	entry corrected: 12 -> 2312 | entry discarded: 313 after previous_max=2306
350	H4 6481 (8,1_0420.jpg	350	350	3,24,325,2317,2318,2320,2321,2322,2327,2328,2329	2317,2318,2320,2321,2322,2324,2325,2327,2328,2329	entry discarded: 3 (too small) | entry corrected: 24 -> 2324 | entry corrected: 325 -> 2325
351	H4 6481 (8,1_0421.jpg	None	351	2330,2331,2332,2333,2334,2335	2330,2331,2332,2333,2334,2335	page normalized: None -> 351
352	H4 6481 (8,1_0422.jpg	352	352	2336,2337,2338,2339	2336,2337,2338,2339	
353	H4 6481 (8,1_0423.jpg	353	353	48,347,2340,2341,2342,2343,2344,2345,2346	2340,2341,2342,2343,2344,2345,2346,2347,2348	entry corrected: 48 -> 2348 | entry corrected: 347 -> 2347
354	H4 6481 (8,1_0424.jpg	354	354	2349,2350,2351	2349,2350,2351	
355	H4 6481 (8,1_0425.jpg	395	355	2352,2353,2354,2355,2356,2357,2358,2359,2360,2361,2362,2363,2365	2352,2353,2354,2355,2356,2357,2358,2359,2360,2361,2362,2363,2365	page normalized: 395 -> 355
356	H4 6481 (8,1_0426.jpg	356	356	2366,2367,2368	2366,2367,2368	
357	H4 6481 (8,1_0427.jpg	None	357	2369,2370,2371,2372	2369,2370,2371,2372	page normalized: None -> 357
358	H4 6481 (8,1_0428.jpg	358	358	2373,2374,2375,2376,2377,2378,2379,2380,2381,2382,2383,2384	2373,2374,2375,2376,2377,2378,2379,2380,2381,2382,2383,2384	
359	H4 6481 (8,1_0429.jpg	359	359	2385,2386,2387,2388,2389,2390,2391,2392,2393,2394,2395,2396,2397	2385,2386,2387,2388,2389,2390,2391,2392,2393,2394,2395,2396,2397	
360	H4 6481 (8,1_0430.jpg	360	360	2398,2399,2400,2401,2402,2403,2404,2405,2406,2407	2398,2399,2400,2401,2402,2403,2404,2405,2406,2407	
361	H4 6481 (8,1_0431.jpg	361	361	2408,2409,2410,2411,2412,2413	2408,2409,2410,2411,2412,2413	
362	H4 6481 (8,1_0432.jpg	362	362	1,2414,2417,2418,2419	2414,2417,2418,2419	entry discarded: 1 (too small)
363	H4 6481 (8,1_0433.jpg	363	363	2424,2425,2426,2427	2424,2425,2426,2427	
364	H4 6481 (8,1_0434.jpg	364	364	2428,2429,2430,2431,2432,2433,2434,2435,2436,2437,2438,2439,2440,2441,2442,2443,2444	2428,2429,2430,2431,2432,2433,2434,2435,2436,2437,2438,2439,2440,2441,2442,2443,2444	
365	H4 6481 (8,1_0435.jpg	365	365	1,2446,2447,2448,2449,2450	2446,2447,2448,2449,2450	entry discarded: 1 (too small)
366	H4 6481 (8,1_0436.jpg	366	366	2451,2452,2453,2454,2455,2456,2457,2458	2451,2452,2453,2454,2455,2456,2457,2458	
367	H4 6481 (8,1_0437.jpg	367	367	2459,2460,2461,2462,2463,2464,2465,2466,2467,2468	2459,2460,2461,2462,2463,2464,2465,2466,2467,2468	
368	H4 6481 (8,1_0438.jpg	368	368	2469,2470,2471,2472,2473,2474,2475,2476,2477	2469,2470,2471,2472,2473,2474,2475,2476,2477	
369	H4 6481 (8,1_0439.jpg	369	369	2478,2479,2480,2481,2482,2483,2484,2485,2486,2487	2478,2479,2480,2481,2482,2483,2484,2485,2486,2487	
370	H4 6481 (8,1_0440.jpg	370	370	2488,2489,2490,2491,2493,2494,2496	2488,2489,2490,2491,2493,2494,2496	
371	H4 6481 (8,1_0441.jpg	None	371	1,499,2497,2498	2497,2498,2499	page normalized: None -> 371 | entry discarded: 1 (too small) | entry corrected: 499 -> 2499
372	H4 6481 (8,1_0442.jpg	None	372	2502,2503,2504	2502,2503,2504	page normalized: None -> 372
373	H4 6481 (8,1_0443.jpg	375	373	2505,2506	2505,2506	page normalized: 375 -> 373
374	H4 6481 (8,1_0444.jpg	374	374	2507,2508,2509,2510,2511,2512,2513,2514,2515,2516	2507,2508,2509,2510,2511,2512,2513,2514,2515,2516	
375	H4 6481 (8,1_0445.jpg	375	375	5,2517,2518,2519,2520,2521,2522,2523,2525,2526	2517,2518,2519,2520,2521,2522,2523,2525,2526	entry discarded: 5 (too small)
376	H4 6481 (8,1_0446.jpg	376	376	2527,2528,2529,2530,2531,2532	2527,2528,2529,2530,2531,2532	
377	H4 6481 (8,1_0447.jpg	377	377	1,5,43,2540	2540,2543	entry discarded: 1 (too small) | entry discarded: 5 (too small) | entry corrected: 43 -> 2543
378	H4 6481 (8,1_0448.jpg	378	378	2544,2545,2546,2547,2548,2549	2544,2545,2546,2547,2548,2549	
379	H4 6481 (8,1_0449.jpg	379	379	2550,2551,2552,2553,2554,2555,2556,2557,2558	2550,2551,2552,2553,2554,2555,2556,2557,2558	
380	H4 6481 (8,1_0450.jpg	380	380	2559,2560,2561,2562,2563,2564	2559,2560,2561,2562,2563,2564	
381	H4 6481 (8,1_0451.jpg	381	381	4		entry discarded: 4 (too small)
382	H4 6481 (8,1_0452.jpg	382	382	2573,2574,2575,2576,2577,2578,2579,2580,2581,2582,2583,2584	2573,2574,2575,2576,2577,2578,2579,2580,2581,2582,2583,2584	
383	H4 6481 (8,1_0453.jpg	383	383	2585,2586,2587,2588,2590,2591,2592,2593	2585,2586,2587,2588,2590,2591,2592,2593	
384	H4 6481 (8,1_0454.jpg	None	384	600,2595,2596,2597,2598,2601,2602	2595,2596,2597,2598,2600,2601,2602	page normalized: None -> 384 | entry corrected: 600 -> 2600
385	H4 6481 (8,1_0455.jpg	385	385	2604,2605	2604,2605	
386	H4 6481 (8,1_0456.jpg	386	386	2606,2607,2608,2609,2610,2611,2612,2613,2614	2606,2607,2608,2609,2610,2611,2612,2613,2614	
387	H4 6481 (8,1_0457.jpg	387	387	2615,2616,2617,2618,2619,2620,2621,2622,2623,2624,2625,2626	2615,2616,2617,2618,2619,2620,2621,2622,2623,2624,2625,2626	
388	H4 6481 (8,1_0458.jpg	388	388	2627,2628,2629,2630,2631,2632,2633,2634	2627,2628,2629,2630,2631,2632,2633,2634	
389	H4 6481 (8,1_0459.jpg	389	389	2635,2636,2637,2638	2635,2636,2637,2638	
390	H4 6481 (8,1_0460.jpg	390	390	2639,2640,2641	2639,2640,2641	
391	H4 6481 (8,1_0461.jpg	391	391	2642,2643,2644,2645,2646,2647,2648,2649,2650	2642,2643,2644,2645,2646,2647,2648,2649,2650	
392	H4 6481 (8,1_0462.jpg	392	392	2651,2652	2651,2652	
393	H4 6481 (8,1_0463.jpg	395	393	2653,2654,2655,2656,2657	2653,2654,2655,2656,2657	page normalized: 395 -> 393
394	H4 6481 (8,1_0464.jpg	394	394	2658,2659,2660,2661	2658,2659,2660,2661	
395	H4 6481 (8,1_0465.jpg	395	395	8,69,2662,2663,2664,2665	2662,2663,2664,2665,2669	entry discarded: 8 (too small) | entry corrected: 69 -> 2669
396	H4 6481 (8,1_0466.jpg	396	396	2670,2671,2672,2673,2675,2676,2677,2678	2670,2671,2672,2673,2675,2676,2677,2678	
397	H4 6481 (8,1_0467.jpg	397	397	2679,2680,2681,2682,2683,2684,2685,2686,2687,2688	2679,2680,2681,2682,2683,2684,2685,2686,2687,2688	
398	H4 6481 (8,1_0468.jpg	398	398	2689,2690,2691,2692,2693,2694,2695,2696,2697,2698	2689,2690,2691,2692,2693,2694,2695,2696,2697,2698	
399	H4 6481 (8,1_0469.jpg	399	399	2700,2701,2702,2703,2704,2705,2706,2707,2709,2710	2700,2701,2702,2703,2704,2705,2706,2707,2709,2710	
400	H4 6481 (8,1_0470.jpg	400	400	2711,2712,2713,2714,2715,2716,2717	2711,2712,2713,2714,2715,2716,2717	
401	H4 6481 (8,1_0471.jpg	401	401	2718,2719,2720,2721	2718,2719,2720,2721	
402	H4 6481 (8,1_0472.jpg	402	402	2722,2723,2724,2725,2726,2727,2728,2729,2730,2731,2732	2722,2723,2724,2725,2726,2727,2728,2729,2730,2731,2732	
403	H4 6481 (8,1_0473.jpg	403	403	2733	2733	
404	H4 6481 (8,1_0474.jpg	404	404	2734,2735,2736,2737,2738,2739	2734,2735,2736,2737,2738,2739	
405	H4 6481 (8,1_0475.jpg	405	405	1741,2740,2742,2743,2744,2745,2746,2747,2748,2749	2740,2741,2742,2743,2744,2745,2746,2747,2748,2749	entry corrected: 1741 -> 2741
406	H4 6481 (8,1_0476.jpg	406	406	2750,2752,2753,2754,2755,2756,2757,2758,2759,2760,2761	2750,2752,2753,2754,2755,2756,2757,2758,2759,2760,2761	
407	H4 6481 (8,1_0477.jpg	407	407	1762,1763,2764,2765,2766,2767,2768,2769,2770	2762,2763,2764,2765,2766,2767,2768,2769,2770	entry corrected: 1762 -> 2762 | entry corrected: 1763 -> 2763
408	H4 6481 (8,1_0478.jpg	408	408	2771,2772,2773	2771,2772,2773	
409	H4 6481 (8,1_0479.jpg	409	409	2774,2775,2776,2777,2778,2779,2780,2781	2774,2775,2776,2777,2778,2779,2780,2781	
410	H4 6481 (8,1_0480.jpg	410	410	2782,2783,2784	2782,2783,2784	
411	H4 6481 (8,1_0481.jpg	411	411	2785,2786,2787,2788,2789,2790,2791,2793	2785,2786,2787,2788,2789,2790,2791,2793	
412	H4 6481 (8,1_0482.jpg	412	412	2794,2795,2796,2797,2798,2799,2800,2801,2802,2803,2804,2805,2806	2794,2795,2796,2797,2798,2799,2800,2801,2802,2803,2804,2805,2806	
413	H4 6481 (8,1_0483.jpg	413	413	812,2807,2808,2809,2810,2811	2807,2808,2809,2810,2811,2812	entry corrected: 812 -> 2812
414	H4 6481 (8,1_0484.jpg	414	414	2813,2814,2815,2816,2817,2818,2819,2820,2821,2822,2823,2824	2813,2814,2815,2816,2817,2818,2819,2820,2821,2822,2823,2824	
415	H4 6481 (8,1_0485.jpg	415	415	2825,2826,2827,2828,2829,2830,2831,2832	2825,2826,2827,2828,2829,2830,2831,2832	
416	H4 6481 (8,1_0486.jpg	416	416	2828,2833,2834,2835,2836,2837,2839,2840,2841,2842,2843,2844,2845	2833,2834,2835,2836,2837,2839,2840,2841,2842,2843,2844,2845	duplicate resolved: removed entry 2828; kept in H4 6481 (8,1_0485.jpg
417	H4 6481 (8,1_0487.jpg	417	417	5,56,2846,2847,2848,2849,2850,2851,2853	2846,2847,2848,2849,2850,2851,2853,2856	entry discarded: 5 (too small) | entry corrected: 56 -> 2856
418	H4 6481 (8,1_0488.jpg	418	418	2858,2859,2860,2861	2858,2859,2860,2861	
419	H4 6481 (8,1_0489.jpg	419	419	2863,2864,2865,2866,2867	2863,2864,2865,2866,2867	
420	H4 6481 (8,1_0490.jpg	420	420	3,8,76,875,2868,2869,2872	2868,2869,2872,2875,2876	entry discarded: 3 (too small) | entry discarded: 8 (too small) | entry corrected: 76 -> 2876 | entry corrected: 875 -> 2875
421	H4 6481 (8,1_0491.jpg	421	421	2880,2881,2882,2883,2884,2885,2886,2887,2888	2880,2881,2882,2883,2884,2885,2886,2887,2888	
422	H4 6481 (8,1_0492.jpg	422	422	896,2890,2892,2893,2894,2895	2890,2892,2893,2894,2895,2896	entry corrected: 896 -> 2896
423	H4 6481 (8,1_0493.jpg	423	423			
424	H4 6481 (8,1_0494.jpg	424	424	2897,2899	2897,2899	
425	H4 6481 (8,1_0495.jpg	425	425	2904	2904	
426	H4 6481 (8,1_0496.jpg	426	426	2905,2906,2907,2908,2909,2910,2911,2912,2913,2914	2905,2906,2907,2908,2909,2910,2911,2912,2913,2914	
427	H4 6481 (8,1_0497.jpg	427	427	2,2915,2917,2918	2915,2917,2918	entry discarded: 2 (too small)
428	H4 6481 (8,1_0498.jpg	428	428	2925,2926,2927,2928,2929,2930	2925,2926,2927,2928,2929,2930	
429	H4 6481 (8,1_0499.jpg	429	429	2931,2932,2933	2931,2932,2933	
430	H4 6481 (8,1_0500.jpg	430	430	2934,2937,2938	2934,2937,2938	
431	H4 6481 (8,1_0501.jpg	431	431	3,944,1941,1942,2945,2946	2941,2942,2944,2945,2946	entry discarded: 3 (too small) | entry corrected: 944 -> 2944 | entry corrected: 1941 -> 2941 | entry corrected: 1942 -> 2942
432	H4 6481 (8,1_0502.jpg	432	432	1,8,950,2947,2948	2947,2948,2950	entry discarded: 1 (too small) | entry discarded: 8 (too small) | entry corrected: 950 -> 2950
433	H4 6481 (8,1_0503.jpg	433	433	2954,2955,2956,2957,2958,2959,2960,2961,2962,2963,2964,2965,2966	2954,2955,2956,2957,2958,2959,2960,2961,2962,2963,2964,2965,2966	
434	H4 6481 (8,1_0504.jpg	434	434	72,2967,2968,2970,2971	2967,2968,2970,2971,2972	entry corrected: 72 -> 2972
435	H4 6481 (8,1_0505.jpg	435	435	2976,2977,2978,2979,2980,2981	2976,2977,2978,2979,2980,2981	
436	H4 6481 (8,1_0506.jpg	436	436	92,93,2984,2986,2987,2988,2990	2984,2986,2987,2988,2990,2992,2993	entry corrected: 92 -> 2992 | entry corrected: 93 -> 2993
437	H4 6481 (8,1_0507.jpg	437	437	2994,2995,2996,2997,2998,2999,3000,3001,3002,3003,3004	2994,2995,2996,2997,2998,2999,3000,3001,3002,3003,3004	
438	H4 6481 (8,1_0508.jpg	438	438	3005,3006	3005,3006	
439	H4 6481 (8,1_0509.jpg	439	439	3007,3008,3009,3010,3011,3012,3013,3014	3007,3008,3009,3010,3011,3012,3013,3014	
440	H4 6481 (8,1_0510.jpg	440	440	3015,3016,3017,3018,3019,3020,3021,3022	3015,3016,3017,3018,3019,3020,3021,3022	
441	H4 6481 (8,1_0511.jpg	441	441	3023,3024,3025,3026,3027,3028,3029,3030	3023,3024,3025,3026,3027,3028,3029,3030	
442	H4 6481 (8,1_0512.jpg	442	442	3031,3032,3033,3034,3036,3038,3039,3040	3031,3032,3033,3034,3036,3038,3039,3040	
443	H4 6481 (8,1_0513.jpg	443	443	3041,3042,3043,3044,3045,3046,3047,3048,3049	3041,3042,3043,3044,3045,3046,3047,3048,3049	
444	H4 6481 (8,1_0514.jpg	444	444	3050,3051,3052,3053,3054	3050,3051,3052,3053,3054	
445	H4 6481 (8,1_0515.jpg	445	445	3055,3056	3055,3056	
446	H4 6481 (8,1_0516.jpg	446	446	3058,3059,3060,3061	3058,3059,3060,3061	
447	H4 6481 (8,1_0517.jpg	447	447	3062,3063,3064	3062,3063,3064	
448	H4 6481 (8,1_0518.jpg	448	448	3065,3066,3067,3068,3069,3070,3071,3072,3073,3074,3075	3065,3066,3067,3068,3069,3070,3071,3072,3073,3074,3075	
449	H4 6481 (8,1_0519.jpg	449	449	3076,3077,3078	3076,3077,3078	
450	H4 6481 (8,1_0520.jpg	450	450	3079	3079	
451	H4 6481 (8,1_0521.jpg	451	451	3080,3081,3082,3083,3084,3085,3086,3087,3088	3080,3081,3082,3083,3084,3085,3086,3087,3088	
452	H4 6481 (8,1_0522.jpg	452	452	3090,3091,3092,3093,3094,3095,3096,3097,3098,3099,3100,3101,3102,3103,3104	3090,3091,3092,3093,3094,3095,3096,3097,3098,3099,3100,3101,3102,3103,3104	
453	H4 6481 (8,1_0523.jpg	453	453	3105,3106,3107,3108,3109	3105,3106,3107,3108,3109	
454	H4 6481 (8,1_0524.jpg	454	454	3110,3111	3110,3111	
455	H4 6481 (8,1_0525.jpg	455	455	3112,3113,3114,3115,3116	3112,3113,3114,3115,3116	
456	H4 6481 (8,1_0526.jpg	456	456	3117,3118,3119,3120,3121,3122,3123	3117,3118,3119,3120,3121,3122,3123	
457	H4 6481 (8,1_0527.jpg	457	457	3124,3125,3126,3127,3128,3130,3131,3132	3124,3125,3126,3127,3128,3130,3131,3132	
458	H4 6481 (8,1_0528.jpg	458	458	3133,3134,3135,3137,3138,3139,3140,3141,3142,3143	3133,3134,3135,3137,3138,3139,3140,3141,3142,3143	
459	H4 6481 (8,1_0529.jpg	459	459	3144,3145,3146,3147,3148,3149	3144,3145,3146,3147,3148,3149	
460	H4 6481 (8,1_0530.jpg	460	460	3150,3151,3152,3153,3154,3155,3156,3157,3158,3159	3150,3151,3152,3153,3154,3155,3156,3157,3158,3159	
461	H4 6481 (8,1_0531.jpg	461	461	3160,3161,3162,3163,3164,3165,3167,3168,3169,3170	3160,3161,3162,3163,3164,3165,3167,3168,3169,3170	
462	H4 6481 (8,1_0532.jpg	462	462	3171,3172	3171,3172	
463	H4 6481 (8,1_0533.jpg	463	463	5,3173	3173	entry discarded: 5 (too small)
464	H4 6481 (8,1_0534.jpg	464	464	3174,3175,3176,3177,3178,3179,3180,3181,3182,3183,3184	3174,3175,3176,3177,3178,3179,3180,3181,3182,3183,3184	
465	H4 6481 (8,1_0535.jpg	465	465	3185,3187,3188,3189	3185,3187,3188,3189	
466	H4 6481 (8,1_0536.jpg	466	466	3192,3193,3195	3192,3193,3195	
467	H4 6481 (8,1_0537.jpg	467	467	8,97,3196	3196,3197	entry discarded: 8 (too small) | entry corrected: 97 -> 3197
468	H4 6481 (8,1_0538.jpg	468	468	3202,3203,3204,3205,3206,3207,3208,3209,3210,3211,3212,3213	3202,3203,3204,3205,3206,3207,3208,3209,3210,3211,3212,3213	
469	H4 6481 (8,1_0539.jpg	469	469	3214,3215,3216,3217,3218,3219,3220,3221,3222,3223,3224,3225	3214,3215,3216,3217,3218,3219,3220,3221,3222,3223,3224,3225	
470	H4 6481 (8,1_0540.jpg	470	470	3226,3227,3228,3229,3230,3231,3232,3233	3226,3227,3228,3229,3230,3231,3232,3233	
471	H4 6481 (8,1_0541.jpg	471	471	3234,3235,3236,3237,3238,3239,3240,3241,3242,3243,3244	3234,3235,3236,3237,3238,3239,3240,3241,3242,3243,3244	
472	H4 6481 (8,1_0542.jpg	472	472	3245,3246,3247,3248,3249,3250,3251,3252,3253,3254,3255,3256	3245,3246,3247,3248,3249,3250,3251,3252,3253,3254,3255,3256	
473	H4 6481 (8,1_0543.jpg	473	473	3257,3258,3259,3260,3261,3262,3263,3264,3265,3266	3257,3258,3259,3260,3261,3262,3263,3264,3265,3266	
474	H4 6481 (8,1_0546.jpg	474	474	3267,3268,3269,3270,3271,3272	3267,3268,3269,3270,3271,3272	
475	H4 6481 (8,1_0547.jpg	475	475	3273,3274,3275,3277,3278,3279	3273,3274,3275,3277,3278,3279	
476	H4 6481 (8,1_0548.jpg	476	476	3280,3281,3282,3283,3284,3285,3286,3287,3288,3289	3280,3281,3282,3283,3284,3285,3286,3287,3288,3289	
477	H4 6481 (8,1_0549.jpg	477	477	3290,3291,3292,3293,3294,3295,3296,3297,3298,3299,3300	3290,3291,3292,3293,3294,3295,3296,3297,3298,3299,3300	
478	H4 6481 (8,1_0550.jpg	478	478	3301,3302,3303,3304,3305,3306,3307,3308	3301,3302,3303,3304,3305,3306,3307,3308	
479	H4 6481 (8,1_0551.jpg	479	479	3309,3311,3313,3315	3309,3311,3313,3315	
480	H4 6481 (8,1_0552.jpg	480	480	3318,3319,3320,3321,3322,3324,3325	3318,3319,3320,3321,3322,3324,3325	
481	H4 6481 (8,1_0553.jpg	481	481			
482	H4 6481 (8,1_0554.jpg	482	482	3326,3327,3328,3329,3330,3331,3332,3333	3326,3327,3328,3329,3330,3331,3332,3333	
483	H4 6481 (8,1_0555.jpg	483	483	3334,3335,3336,3337,3338,3339,3340	3334,3335,3336,3337,3338,3339,3340	
484	H4 6481 (8,1_0556.jpg	484	484	3341,3342,3343,3344,3345,3346,3347,3348,3349,3350,3351	3341,3342,3343,3344,3345,3346,3347,3348,3349,3350,3351	
485	H4 6481 (8,1_0557.jpg	485	485	3352,3353,3354,3355,3356,3357	3352,3353,3354,3355,3356,3357	
486	H4 6481 (8,1_0558.jpg	486	486	3358,3359,3360,3361,3362,3363,3364,3365,3366,3367,3368,3369,3370,3371,3372	3358,3359,3360,3361,3362,3363,3364,3365,3366,3367,3368,3369,3370,3371,3372	
487	H4 6481 (8,1_0559.jpg	487	487	3373,3374,3375,3376,3377,3378,3379,3380,3381,3382,3383	3373,3374,3375,3376,3377,3378,3379,3380,3381,3382,3383	
488	H4 6481 (8,1_0560.jpg	488	488	3384,3385,3386,3387,3388,3389,3390,3391,3392	3384,3385,3386,3387,3388,3389,3390,3391,3392	
489	H4 6481 (8,1_0561.jpg	489	489	3393,3394,3395,3396,3397,3398,3399	3393,3394,3395,3396,3397,3398,3399	
490	H4 6481 (8,1_0562.jpg	490	490	3400,3401,3402,3403,3404,3405,3406	3400,3401,3402,3403,3404,3405,3406	
491	H4 6481 (8,1_0563.jpg	491	491	3407,3408,3409,3410	3407,3408,3409,3410	
492	H4 6481 (8,1_0564.jpg	492	492	3411,3412,3413,3414,3415,3416	3411,3412,3413,3414,3415,3416	
493	H4 6481 (8,1_0565.jpg	493	493	3417,3418,3419,3420,3421	3417,3418,3419,3420,3421	
494	H4 6481 (8,1_0566.jpg	494	494	3422,3423,3425,3426,3427,3428	3422,3423,3425,3426,3427,3428	
495	H4 6481 (8,1_0567.jpg	495	495	3429,3431,3432,3433,3434,3435,3436,3437,3438,3439,3440,3441	3429,3431,3432,3433,3434,3435,3436,3437,3438,3439,3440,3441	
496	H4 6481 (8,1_0568.jpg	496	496	3442,3443,3444	3442,3443,3444	
497	H4 6481 (8,1_0569.jpg	497	497	3445,3447,3448	3445,3447,3448	
498	H4 6481 (8,1_0570.jpg	498	498	3449,3450,3451	3449,3450,3451	
499	H4 6481 (8,1_0571.jpg	499	499	3452,3453,3454	3452,3453,3454	
500	H4 6481 (8,1_0572.jpg	500	500	3455,3457,3459,3461,3463	3455,3457,3459,3461,3463	
501	H4 6481 (8,1_0573.jpg	501	501	3466,3467,3468,3469,3470,3471,3472,3473,3474	3466,3467,3468,3469,3470,3471,3472,3473,3474	
502	H4 6481 (8,1_0574.jpg	502	502	3475,3476,3477,3478,3479,3480,3481,3482,3483,3484,3485,3486	3475,3476,3477,3478,3479,3480,3481,3482,3483,3484,3485,3486	
503	H4 6481 (8,1_0575.jpg	503	503	3487,3489,3490,3491,3492	3487,3489,3490,3491,3492	
504	H4 6481 (8,1_0576.jpg	504	504	3494,3495,3496,3497,3498,3499,3500,3501,3502,3504,3505,3506,3507,3508	3494,3495,3496,3497,3498,3499,3500,3501,3502,3504,3505,3506,3507,3508	
505	H4 6481 (8,1_0577.jpg	505	505	3509,3510,3511,3512,3513,3514,3515,3516,3517,3518,3519,3520,3521,3522	3509,3510,3511,3512,3513,3514,3515,3516,3517,3518,3519,3520,3521,3522	
506	H4 6481 (8,1_0578.jpg	506	506	3523,3524,3525,3526,3527,3528,3529,3530	3523,3524,3525,3526,3527,3528,3529,3530	
507	H4 6481 (8,1_0579.jpg	507	507	3531,3532,3533,3534,3535,3536,3537,3538,3539	3531,3532,3533,3534,3535,3536,3537,3538,3539	
508	H4 6481 (8,1_0580.jpg	508	508	3540,3541,3542,3543	3540,3541,3542,3543	
509	H4 6481 (8,1_0581.jpg	509	509	3544,3545,3546,3547,3548,3549,3550,3551	3544,3545,3546,3547,3548,3549,3550,3551	
510	H4 6481 (8,1_0582.jpg	510	510	3552,3553,3554,3555,3556	3552,3553,3554,3555,3556	
511	H4 6481 (8,1_0583.jpg	None	511	3557,3558,3559,3560,3561,3562,3563,3564,3565,3566,3567	3557,3558,3559,3560,3561,3562,3563,3564,3565,3566,3567	page normalized: None -> 511
512	H4 6481 (8,1_0584.jpg	512	512	3568,3569,3570,3571,3572,3573,3574,3575,3576,3577	3568,3569,3570,3571,3572,3573,3574,3575,3576,3577	
513	H4 6481 (8,1_0585.jpg	513	513	3578,3579,3580,3581,3582,3583	3578,3579,3580,3581,3582,3583	
514	H4 6481 (8,1_0586.jpg	514	514	5,3584,3585,3586,3587,3588	3584,3585,3586,3587,3588	entry discarded: 5 (too small)
515	H4 6481 (8,1_0587.jpg	515	515	3589,3590,3591,3592,3593	3589,3590,3591,3592,3593	
516	H4 6481 (8,1_0588.jpg	516	516	3594,3595,3596,3597,3598,3599,3600,3601,3602,3603,3604	3594,3595,3596,3597,3598,3599,3600,3601,3602,3603,3604	
517	H4 6481 (8,1_0589.jpg	517	517	3605,3607,3608,3609,3610,3611,3612,3613	3605,3607,3608,3609,3610,3611,3612,3613	
518	H4 6481 (8,1_0590.jpg	518	518	3614,3615,3616,3617,3618,3619,3620,3621,3622,3623	3614,3615,3616,3617,3618,3619,3620,3621,3622,3623	
519	H4 6481 (8,1_0591.jpg	519	519	3624,3625,3626,3627,3628,3629	3624,3625,3626,3627,3628,3629	
520	H4 6481 (8,1_0592.jpg	520	520	3630,3631,3632,3633,3634,3636	3630,3631,3632,3633,3634,3636	
521	H4 6481 (8,1_0593.jpg	521	521	3637,3638,3639,3640	3637,3638,3639,3640	
522	H4 6481 (8,1_0594.jpg	522	522	3641,3642,3643,3644,3645,3646	3641,3642,3643,3644,3645,3646	
523	H4 6481 (8,1_0595.jpg	523	523	3647	3647	
524	H4 6481 (8,1_0596.jpg	524	524	3648,3649,3650,3651,3652	3648,3649,3650,3651,3652	
525	H4 6481 (8,1_0597.jpg	525	525	3653,3654,3655,3656,3657,3658,3659	3653,3654,3655,3656,3657,3658,3659	
526	H4 6481 (8,1_0598.jpg	526	526	3660,3661,3662,3663,3664,3665,3666	3660,3661,3662,3663,3664,3665,3666	
527	H4 6481 (8,1_0599.jpg	527	527	3667,3668	3667,3668	
528	H4 6481 (8,1_0600.jpg	528	528	3669,3670,3671,3672,3673,3674,3675	3669,3670,3671,3672,3673,3674,3675	
529	H4 6481 (8,1_0601.jpg	529	529	3676,3677,3678,3679,3680,3681,3682,3683,3684,3685,3686,3687,3688,3689,3690	3676,3677,3678,3679,3680,3681,3682,3683,3684,3685,3686,3687,3688,3689,3690	
530	H4 6481 (8,1_0602.jpg	530	530	3691,3692,3693,3694,3695,3696,3697,3698,3699,3700,3702	3691,3692,3693,3694,3695,3696,3697,3698,3699,3700,3702	
531	H4 6481 (8,1_0603.jpg	531	531	3703,3704,3705,3706,3707,3708,3709,3710,3711,3712	3703,3704,3705,3706,3707,3708,3709,3710,3711,3712	
532	H4 6481 (8,1_0604.jpg	532	532	3713,3714,3715,3716,3717,3718,3719,3720,3721,3722,3723	3713,3714,3715,3716,3717,3718,3719,3720,3721,3722,3723	
533	H4 6481 (8,1_0605.jpg	533	533	3724,3726,3727,3728,3729,3730,3731,3732	3724,3726,3727,3728,3729,3730,3731,3732	
534	H4 6481 (8,1_0606.jpg	534	534	3733,3734,3735,3736,3737,3738,3739,3740,3741,3742	3733,3734,3735,3736,3737,3738,3739,3740,3741,3742	
535	H4 6481 (8,1_0607.jpg	535	535	3743,3744,3745,3746,3747	3743,3744,3745,3746,3747	
536	H4 6481 (8,1_0608.jpg	536	536	3748,3749,3750,3751	3748,3749,3750,3751	
537	H4 6481 (8,1_0609.jpg	None	537	3752,3753,3754,3755,3756,3757	3752,3753,3754,3755,3756,3757	page normalized: None -> 537
538	H4 6481 (8,1_0610.jpg	538	538	3758,3759,3760,3761,3762,3763,3764,3765	3758,3759,3760,3761,3762,3763,3764,3765	
539	H4 6481 (8,1_0611.jpg	539	539	3766,3767,3769,3770,3771,3772,3773	3766,3767,3769,3770,3771,3772,3773	
540	H4 6481 (8,1_0612.jpg	540	540	3774,3775,3776,3777,3779,3780,3781,3782,3783	3774,3775,3776,3777,3779,3780,3781,3782,3783	
541	H4 6481 (8,1_0613.jpg	541	541	3784,3785,3786,3787,3788,3789,3790,3791,3792	3784,3785,3786,3787,3788,3789,3790,3791,3792	
542	H4 6481 (8,1_0614.jpg	542	542	3793,3794,3795,3796,3797,3798,3799	3793,3794,3795,3796,3797,3798,3799	
543	H4 6481 (8,1_0615.jpg	543	543			
544	H4 6481 (8,1_0616.jpg	544	544			
545	H4 6481 (8,1_0617.jpg	545	545	3800,3801,3802,3803,3804,3805,3806	3800,3801,3802,3803,3804,3805,3806	
546	H4 6481 (8,1_0618.jpg	546	546	3807,3808,3809,3810,3811,3812,3813	3807,3808,3809,3810,3811,3812,3813	
547	H4 6481 (8,1_0619.jpg	547	547	3814,3815,3816,3817,3818	3814,3815,3816,3817,3818	
548	H4 6481 (8,1_0620.jpg	548	548	3819,3820,3821,3822,3823,3824,3825,3826,3827	3819,3820,3821,3822,3823,3824,3825,3826,3827	
549	H4 6481 (8,1_0621.jpg	549	549	3828,3829,3830	3828,3829,3830	
550	H4 6481 (8,1_0622.jpg	550	550	3831,3832,3833,3834,3835,3836,3837	3831,3832,3833,3834,3835,3836,3837	
551	H4 6481 (8,1_0623.jpg	551	551	3838,3839,3840,3841,3842,3843,3844	3838,3839,3840,3841,3842,3843,3844	
552	H4 6481 (8,1_0624.jpg	552	552	3845,3846,3847,3848	3845,3846,3847,3848	
553	H4 6481 (8,1_0625.jpg	553	553	3849,3850,3851,3852,3853,3854,3855,3856,3857	3849,3850,3851,3852,3853,3854,3855,3856,3857	
554	H4 6481 (8,1_0626.jpg	554	554	3858,3859,3860,3861,3862,3863,3864,3865,3866,3867	3858,3859,3860,3861,3862,3863,3864,3865,3866,3867	
555	H4 6481 (8,1_0627.jpg	355	555	3868,3869,3870,3871,3872,3873,3874,3875,3876,3877,3878	3868,3869,3870,3871,3872,3873,3874,3875,3876,3877,3878	page normalized: 355 -> 555
556	H4 6481 (8,1_0628.jpg	556	556	3879,3880,3881,3882,3883,3884,3885,3886	3879,3880,3881,3882,3883,3884,3885,3886	
557	H4 6481 (8,1_0629.jpg	None	557	3887,3888,3889,3890,3891,3892,3893,3894	3887,3888,3889,3890,3891,3892,3893,3894	page normalized: None -> 557
558	H4 6481 (8,1_0630.jpg	558	558	3895,3896,3897,3898,3899,3900,3901,3902,3903	3895,3896,3897,3898,3899,3900,3901,3902,3903	
559	H4 6481 (8,1_0631.jpg	559	559	3904,3905,3906,3907,3908,3909,3910,3911,3912,3913,3914	3904,3905,3906,3907,3908,3909,3910,3911,3912,3913,3914	
560	H4 6481 (8,1_0632.jpg	560	560	3915,3916,3917,3918	3915,3916,3917,3918	
561	H4 6481 (8,1_0633.jpg	561	561	3919,3920,3921,3922,3923,3924,3925,3926,3927,3928	3919,3920,3921,3922,3923,3924,3925,3926,3927,3928	
562	H4 6481 (8,1_0634.jpg	562	562	3929,3930,3931,3932,3933,3934,3935,3936,3937,3938	3929,3930,3931,3932,3933,3934,3935,3936,3937,3938	
563	H4 6481 (8,1_0635.jpg	563	563	3939,3940,3941,3942	3939,3940,3941,3942	
564	H4 6481 (8,1_0636.jpg	564	564	3943,3944,3945,3946,3947,3948,3949,3950,3951,3952,3953,3954,3955	3943,3944,3945,3946,3947,3948,3949,3950,3951,3952,3953,3954,3955	
565	H4 6481 (8,1_0637.jpg	565	565	3956,3957,3958,3959,3960,3961	3956,3957,3958,3959,3960,3961	
566	H4 6481 (8,1_0638.jpg	566	566	3962,3963,3964,3965,3966,3967,3968,3969	3962,3963,3964,3965,3966,3967,3968,3969	
567	H4 6481 (8,1_0639.jpg	567	567	3970,3971,3972,3973,3974,3975,3976,3977,3978,3979	3970,3971,3972,3973,3974,3975,3976,3977,3978,3979	
568	H4 6481 (8,1_0640.jpg	568	568	3980,3981,3982,3983,3984,3985	3980,3981,3982,3983,3984,3985	
569	H4 6481 (8,1_0641.jpg	569	569	3986	3986	
570	H4 6481 (8,1_0642.jpg	570	570	3987,3988,3989,3990	3987,3988,3989,3990	
571	H4 6481 (8,1_0643.jpg	571	571	3991,3993,3994,3995,3996,3997	3991,3993,3994,3995,3996,3997	
572	H4 6481 (8,1_0644.jpg	572	572	3998,3999,4000,4001,4002,4003,4004,4005,4006,4007,4008,4009,4010	3998,3999,4000,4001,4002,4003,4004,4005,4006,4007,4008,4009,4010	
573	H4 6481 (8,1_0645.jpg	573	573	4011,4013,4014,4015,4016,4017,4018,4019,4020,4021,4022	4011,4013,4014,4015,4016,4017,4018,4019,4020,4021,4022	
574	H4 6481 (8,1_0646.jpg	574	574	4023,4024,4025,4026,4027,4029,4030,4031,4032,4033,4034	4023,4024,4025,4026,4027,4029,4030,4031,4032,4033,4034	
575	H4 6481 (8,1_0647.jpg	575	575	4035,4036,4037,4038,4039,4040	4035,4036,4037,4038,4039,4040	
576	H4 6481 (8,1_0648.jpg	576	576	4041,4043,4044,4045,4046,4047,4048	4041,4043,4044,4045,4046,4047,4048	
577	H4 6481 (8,1_0649.jpg	None	577	4049,4050,4051,4052,4053,4054,4055,4056,4057,4058,4059,4060,4061	4049,4050,4051,4052,4053,4054,4055,4056,4057,4058,4059,4060,4061	page normalized: None -> 577
578	H4 6481 (8,1_0650.jpg	578	578	4062,4063,4064,4065,4066,4067,4068,4069	4062,4063,4064,4065,4066,4067,4068,4069	
579	H4 6481 (8,1_0651.jpg	579	579	4070,4071,4072,4073,4074,4075,4076	4070,4071,4072,4073,4074,4075,4076	
580	H4 6481 (8,1_0652.jpg	580	580	4077,4078,4079,4080,4081,4082	4077,4078,4079,4080,4081,4082	
581	H4 6481 (8,1_0653.jpg	581	581	4084,4085,4086,4087,4088,4089,4090,4091,4093	4084,4085,4086,4087,4088,4089,4090,4091,4093	
582	H4 6481 (8,1_0654.jpg	582	582	4094,4095,4096	4094,4095,4096	
583	H4 6481 (8,1_0655.jpg	583	583	4097,4098,4099,4100,4101	4097,4098,4099,4100,4101	
584	H4 6481 (8,1_0656.jpg	584	584	4102,4103	4102,4103	
585	H4 6481 (8,1_0657.jpg	585	585	4104,4105,4106,4107	4104,4105,4106,4107	
586	H4 6481 (8,1_0658.jpg	586	586	4108,4109,4110,4111,4112,4113,4114	4108,4109,4110,4111,4112,4113,4114	
587	H4 6481 (8,1_0659.jpg	587	587	4115,4116,4117,4119,4120,4121,4122,4123,4124,4125,4126,4127,4128,4129,4130,4131,4132	4115,4116,4117,4119,4120,4121,4122,4123,4124,4125,4126,4127,4128,4129,4130,4131,4132	
588	H4 6481 (8,1_0660.jpg	588	588	4133,4134,4135,4136,4137,4138,4139,4140,4141	4133,4134,4135,4136,4137,4138,4139,4140,4141	
589	H4 6481 (8,1_0661.jpg	589	589	4142,4143,4144,4145,4146,4147	4142,4143,4144,4145,4146,4147	
590	H4 6481 (8,1_0662.jpg	590	590	4148,4149,4150,4151,4152,4153,4154,4155,4156,4157	4148,4149,4150,4151,4152,4153,4154,4155,4156,4157	
591	H4 6481 (8,1_0663.jpg	591	591	4158,4159,4160,4161,4162,4163,4164,4165,4166,4167,4168,4169,4170	4158,4159,4160,4161,4162,4163,4164,4165,4166,4167,4168,4169,4170	
592	H4 6481 (8,1_0664.jpg	592	592	4171,4172,4173,4174,4175,4176,4177,4179	4171,4172,4173,4174,4175,4176,4177,4179	
593	H4 6481 (8,1_0665.jpg	593	593	4183	4183	
594	H4 6481 (8,1_0666.jpg	594	594	4184,4185,4186,4187,4188,4189,4190,4191,4192,4193,4194,4195,4196,4197	4184,4185,4186,4187,4188,4189,4190,4191,4192,4193,4194,4195,4196,4197	
595	H4 6481 (8,1_0667.jpg	595	595	4198,4199,4200,4201,4202,4203,4204,4205,4206,4207,4208,4209,4210,4211	4198,4199,4200,4201,4202,4203,4204,4205,4206,4207,4208,4209,4210,4211	
596	H4 6481 (8,1_0668.jpg	596	596	4212,4213,4214,4215,4216,4217,4218,4219	4212,4213,4214,4215,4216,4217,4218,4219	
597	H4 6481 (8,1_0669.jpg	597	597	4220,4221,4222	4220,4221,4222	
598	H4 6481 (8,1_0670.jpg	598	598	4223,4224,4225,4226,4227,4228,4229	4223,4224,4225,4226,4227,4228,4229	
599	H4 6481 (8,1_0671.jpg	599	599	4230,4231,4232,4233,4234	4230,4231,4232,4233,4234	
600	H4 6481 (8,1_0672.jpg	600	600	4235,4236,4237,4238,4239,4240,4241	4235,4236,4237,4238,4239,4240,4241	
601	H4 6481 (8,1_0673.jpg	601	601	4242,4243,4244,4245,4246,4247,4248,4249,4250,4251,4252	4242,4243,4244,4245,4246,4247,4248,4249,4250,4251,4252	
602	H4 6481 (8,1_0674.jpg	602	602	4253,4254,4255,4256,4257,4258,4259,4260	4253,4254,4255,4256,4257,4258,4259,4260	
603	H4 6481 (8,1_0675.jpg	603	603	4261,4262	4261,4262	
604	H4 6481 (8,1_0676.jpg	604	604	4264,4265,4266,4267,4268,4269,4270,4271,4272	4264,4265,4266,4267,4268,4269,4270,4271,4272	
605	H4 6481 (8,1_0677.jpg	605	605	4273,4274,4275,4276,4277,4278,4279,4280,4281	4273,4274,4275,4276,4277,4278,4279,4280,4281	
606	H4 6481 (8,1_0678.jpg	606	606	4282,4283,4284,4285,4286,4287,4288,4289,4290	4282,4283,4284,4285,4286,4287,4288,4289,4290	
607	H4 6481 (8,1_0679.jpg	607	607	4291,4292,4293,4294,4295,4296,4297	4291,4292,4293,4294,4295,4296,4297	
608	H4 6481 (8,1_0680.jpg	608	608	4299	4299	
609	H4 6481 (8,1_0681.jpg	609	609	4300,4301,4302,4303,4304,4305,4306,4307,4308,4309,4310	4300,4301,4302,4303,4304,4305,4306,4307,4308,4309,4310	
610	H4 6481 (8,1_0682.jpg	610	610	4311,4312,4313,4314,4315,4316,4317,4318,4319,4320,4321	4311,4312,4313,4314,4315,4316,4317,4318,4319,4320,4321	
611	H4 6481 (8,1_0683.jpg	611	611	4322,4323,4324,4325,4326,4327,4328,4330,4331,4332,4333	4322,4323,4324,4325,4326,4327,4328,4330,4331,4332,4333	
612	H4 6481 (8,1_0684.jpg	612	612	4334,4335,4336,4337,4338,4339,4340,4341,4342	4334,4335,4336,4337,4338,4339,4340,4341,4342	
613	H4 6481 (8,1_0685.jpg	613	613	4343,4344,4345,4346,4347,4348,4349,4350,4351	4343,4344,4345,4346,4347,4348,4349,4350,4351	
614	H4 6481 (8,1_0686.jpg	614	614	4352,4353,4354,4355,4356,4357,4359,4360,4361,4362,4363	4352,4353,4354,4355,4356,4357,4359,4360,4361,4362,4363	
615	H4 6481 (8,1_0687.jpg	615	615	4364,4365,4366,4367,4368,4369,4370	4364,4365,4366,4367,4368,4369,4370	
616	H4 6481 (8,1_0688.jpg	616	616	4371,4372,4373,4374,4375,4376,4377,4378	4371,4372,4373,4374,4375,4376,4377,4378	
617	H4 6481 (8,1_0689.jpg	617	617	4379,4380,4381,4382,4383,4384,4385,4386,4387,4388,4389,4390	4379,4380,4381,4382,4383,4384,4385,4386,4387,4388,4389,4390	
618	H4 6481 (8,1_0690.jpg	618	618	4391,4392,4393,4394,4395,4396,4397,4398,4399,4400,4401	4391,4392,4393,4394,4395,4396,4397,4398,4399,4400,4401	
619	H4 6481 (8,1_0691.jpg	619	619	4402,4403,4404,4405,4406,4407,4408,4409,4410,4411	4402,4403,4404,4405,4406,4407,4408,4409,4410,4411	
620	H4 6481 (8,1_0692.jpg	620	620	4412,4413,4414,4415,4416,4417,4418,4419,4420	4412,4413,4414,4415,4416,4417,4418,4419,4420	
621	H4 6481 (8,1_0693.jpg	621	621	4421,4422,4423,4424,4425,4426,4427	4421,4422,4423,4424,4425,4426,4427	
622	H4 6481 (8,1_0694.jpg	622	622	4428,4429,4430,4431,4432,4434	4428,4429,4430,4431,4432,4434	
623	H4 6481 (8,1_0695.jpg	623	623	4435,4436,4437,4438,4439,4440	4435,4436,4437,4438,4439,4440	
624	H4 6481 (8,1_0696.jpg	624	624	4441,4442,4443,4444,4445,4446,4447,4448,4449,4450	4441,4442,4443,4444,4445,4446,4447,4448,4449,4450	
625	H4 6481 (8,1_0697.jpg	625	625	4451,4452,4453,4454,4455,4456,4457,4458	4451,4452,4453,4454,4455,4456,4457,4458	
626	H4 6481 (8,1_0698.jpg	626	626	4459,4460,4462,4463,4464	4459,4460,4462,4463,4464	
627	H4 6481 (8,1_0699.jpg	627	627	4465,4466,4467,4468,4469,4470,4471,4472,4473,4474	4465,4466,4467,4468,4469,4470,4471,4472,4473,4474	
628	H4 6481 (8,1_0700.jpg	628	628	4475,4476,4477,4478,4479,4480,4481,4482,4483	4475,4476,4477,4478,4479,4480,4481,4482,4483	
629	H4 6481 (8,1_0701.jpg	629	629	4484,4485,4486	4484,4485,4486	
630	H4 6481 (8,1_0702.jpg	630	630	4487,4488,4489,4490,4491,4492,4493,4494,4495	4487,4488,4489,4490,4491,4492,4493,4494,4495	
631	H4 6481 (8,1_0703.jpg	631	631	4497,4498,4499,4500,4501,4502,4503,4504	4497,4498,4499,4500,4501,4502,4503,4504	
632	H4 6481 (8,1_0704.jpg	632	632	4505,4506,4507	4505,4506,4507	
633	H4 6481 (8,1_0705.jpg	633	633	4508,4509,4510,4511,4512,4513,4514,4515,4516,4517	4508,4509,4510,4511,4512,4513,4514,4515,4516,4517	
634	H4 6481 (8,1_0706.jpg	634	634	4518,4519,4520,4521,4522,4523,4524	4518,4519,4520,4521,4522,4523,4524	
635	H4 6481 (8,1_0707.jpg	635	635	4525,4526,4527,4528,4529,4530,4531,4532,4533	4525,4526,4527,4528,4529,4530,4531,4532,4533	
636	H4 6481 (8,1_0708.jpg	636	636	4535,4536,4537,4538,4539,4540,4541,4542,4543	4535,4536,4537,4538,4539,4540,4541,4542,4543	
637	H4 6481 (8,1_0709.jpg	637	637	4544,4545,4546,4547,4548,4549,4550	4544,4545,4546,4547,4548,4549,4550	
638	H4 6481 (8,1_0710.jpg	638	638	4551,4552,4553,4554,4555,4556,4557,4558,4559,4560,4561,4562	4551,4552,4553,4554,4555,4556,4557,4558,4559,4560,4561,4562	
639	H4 6481 (8,1_0711.jpg	639	639	4563	4563	
640	H4 6481 (8,1_0712.jpg	640	640			
641	H4 6481 (8,1_0713.jpg	641	641	4564,4565,4566,4567,4568,4569,4570,4571,4572	4564,4565,4566,4567,4568,4569,4570,4571,4572	
642	H4 6481 (8,1_0714.jpg	642	642	4573,4574,4575,4576,4577,4578,4579,4580	4573,4574,4575,4576,4577,4578,4579,4580	
643	H4 6481 (8,1_0715.jpg	643	643	4582,4583,4584,4585,4586,4587,4588,4589	4582,4583,4584,4585,4586,4587,4588,4589	
644	H4 6481 (8,1_0716.jpg	644	644	4590,4591,4592,4593,4594,4595,4596	4590,4591,4592,4593,4594,4595,4596	
645	H4 6481 (8,1_0717.jpg	645	645	4597,4598,4599,4600,4601,4602,4603,4604	4597,4598,4599,4600,4601,4602,4603,4604	
646	H4 6481 (8,1_0718.jpg	646	646	4605,4606,4607,4608,4609,4610,4611,4612,4613,4614	4605,4606,4607,4608,4609,4610,4611,4612,4613,4614	
647	H4 6481 (8,1_0719.jpg	647	647	4615,4616,4617,4618,4619,4620,4621,4622	4615,4616,4617,4618,4619,4620,4621,4622	
648	H4 6481 (8,1_0720.jpg	648	648	4623,4624,4625,4626,4627,4628,4629,4630	4623,4624,4625,4626,4627,4628,4629,4630	
649	H4 6481 (8,1_0721.jpg	649	649	4631,4632,4633,4634,4635,4636,4637,4638	4631,4632,4633,4634,4635,4636,4637,4638	
650	H4 6481 (8,1_0722.jpg	650	650	4639,4640,4641,4642,4643,4644,4645,4646,4647,4648	4639,4640,4641,4642,4643,4644,4645,4646,4647,4648	
651	H4 6481 (8,1_0723.jpg	651	651	4649,4650,4651,4652,4653,4654,4655,4656	4649,4650,4651,4652,4653,4654,4655,4656	
652	H4 6481 (8,1_0724.jpg	652	652	4657,4658,4659,4660,4661,4662	4657,4658,4659,4660,4661,4662	
653	H4 6481 (8,1_0725.jpg	653	653	4663,4664,4665,4666,4667,4668,4669	4663,4664,4665,4666,4667,4668,4669	
654	H4 6481 (8,1_0726.jpg	654	654	4670,4671	4670,4671	
655	H4 6481 (8,1_0727.jpg	655	655	4672,4673	4672,4673	
656	H4 6481 (8,1_0728.jpg	656	656	4674,4675,4676,4677,4678,4679,4680,4681,4682,4683,4684,4685,4687	4674,4675,4676,4677,4678,4679,4680,4681,4682,4683,4684,4685,4687	
657	H4 6481 (8,1_0729.jpg	657	657	4688,4689,4691,4692,4693,4694,4695,4696,4697,4698,4699,4700	4688,4689,4691,4692,4693,4694,4695,4696,4697,4698,4699,4700	
658	H4 6481 (8,1_0730.jpg	658	658	4701,4702,4703,4704,4705	4701,4702,4703,4704,4705	
659	H4 6481 (8,1_0731.jpg	659	659	4707,4708,4709,4710,4711,4712,4713,4714,4715,4716,4717,4718,4719	4707,4708,4709,4710,4711,4712,4713,4714,4715,4716,4717,4718,4719	
660	H4 6481 (8,1_0732.jpg	660	660	4720,4721,4722,4723,4724,4725	4720,4721,4722,4723,4724,4725	
661	H4 6481 (8,1_0733.jpg	661	661	4726,4727,4728,4729,4730	4726,4727,4728,4729,4730	
662	H4 6481 (8,1_0734.jpg	662	662	4731,4732,4733,4734	4731,4732,4733,4734	
663	H4 6481 (8,1_0735.jpg	663	663	4735,4736,4737,4738	4735,4736,4737,4738	
664	H4 6481 (8,1_0736.jpg	664	664	4739,4740,4741,4742,4743,4744,4745,4746	4739,4740,4741,4742,4743,4744,4745,4746	
665	H4 6481 (8,1_0737.jpg	665	665	4748,4749,4750,4751,4752,4753	4748,4749,4750,4751,4752,4753	
666	H4 6481 (8,1_0738.jpg	666	666	4754,4755,4757,4758,4759,4760,4761	4754,4755,4757,4758,4759,4760,4761	
667	H4 6481 (8,1_0739.jpg	667	667	4762,4763,4764,4765,4766,4767,4768,4769,4770,4772,4773,4774,4775,4776	4762,4763,4764,4765,4766,4767,4768,4769,4770,4772,4773,4774,4775,4776	
668	H4 6481 (8,1_0740.jpg	668	668	4777,4778,4780,4781,4782,4783,4784	4777,4778,4780,4781,4782,4783,4784	
669	H4 6481 (8,1_0741.jpg	669	669	4785,4786,4787,4788,4789,4790,4791,4792	4785,4786,4787,4788,4789,4790,4791,4792	
670	H4 6481 (8,1_0742.jpg	670	670	4793,4794,4795,4796,4797,4798,4799	4793,4794,4795,4796,4797,4798,4799	
671	H4 6481 (8,1_0743.jpg	671	671	4800,4801,4802	4800,4801,4802	
672	H4 6481 (8,1_0744.jpg	672	672	4803,4804,4805,4806,4807,4808,4809,4810	4803,4804,4805,4806,4807,4808,4809,4810	
673	H4 6481 (8,1_0745.jpg	673	673			
674	H4 6481 (8,1_0746.jpg	674	674	4811,4812,4813,4814,4815	4811,4812,4813,4814,4815	
675	H4 6481 (8,1_0747.jpg	675	675	4816,4817,4818,4819	4816,4817,4818,4819	
676	H4 6481 (8,1_0748.jpg	676	676	4820,4821,4822,4823,4824,4825,4826,4827	4820,4821,4822,4823,4824,4825,4826,4827	
677	H4 6481 (8,1_0749.jpg	677	677	4828,4829,4830,4831,4832,4833,4834,4835	4828,4829,4830,4831,4832,4833,4834,4835	
678	H4 6481 (8,1_0750.jpg	678	678	4836,4837,4838,4839,4840,4841,4842,4843,4844,4845,4846,4847	4836,4837,4838,4839,4840,4841,4842,4843,4844,4845,4846,4847	
679	H4 6481 (8,1_0751.jpg	679	679	4848,4849,4850,4851,4852,4853,4854,4855,4856,4857	4848,4849,4850,4851,4852,4853,4854,4855,4856,4857	
680	H4 6481 (8,1_0752.jpg	680	680	4859,4860,4861,4862,4863,4864,4865	4859,4860,4861,4862,4863,4864,4865	
681	H4 6481 (8,1_0753.jpg	681	681	4866,4867	4866,4867	
682	H4 6481 (8,1_0754.jpg	682	682	4868,4869,4870,4871,4872,4873,4874	4868,4869,4870,4871,4872,4873,4874	
683	H4 6481 (8,1_0755.jpg	683	683	1,4875,4876,4877,4878,4879,4880,4881,4882,4883,4884,4885,4886,4887	4875,4876,4877,4878,4879,4880,4881,4882,4883,4884,4885,4886,4887	entry discarded: 1 (too small)
684	H4 6481 (8,1_0756.jpg	684	684	4888,4889,4890	4888,4889,4890	
685	H4 6481 (8,1_0757.jpg	685	685	4891,4892,4893,4894,4895,4896	4891,4892,4893,4894,4895,4896	
686	H4 6481 (8,1_0758.jpg	686	686	4897,4898,4899,4900,4901,4902,4903,4904,4905,4906	4897,4898,4899,4900,4901,4902,4903,4904,4905,4906	
687	H4 6481 (8,1_0759.jpg	687	687	4907,4908,4909,4910,4911,4912,4913,4914,4916,4917,4918,4919	4907,4908,4909,4910,4911,4912,4913,4914,4916,4917,4918,4919	
688	H4 6481 (8,1_0760.jpg	688	688	4921,4922,4923,4924,4925	4921,4922,4923,4924,4925	
689	H4 6481 (8,1_0761.jpg	689	689	4926,4927,4928,4929,4930,4931,4932,4933,4934,4935	4926,4927,4928,4929,4930,4931,4932,4933,4934,4935	
690	H4 6481 (8,1_0762.jpg	690	690	4936,4937,4938,4939,4940,4941,4942,4943,4944,4945,4946	4936,4937,4938,4939,4940,4941,4942,4943,4944,4945,4946	
691	H4 6481 (8,1_0763.jpg	691	691	4947,4948,4949,4950,4951	4947,4948,4949,4950,4951	
692	H4 6481 (8,1_0764.jpg	692	692	60,4952,4953,4954,4955,4956,4957,4958,4959,4960,4961,4962	4952,4953,4954,4955,4956,4957,4958,4959,4960,4961,4962	entry discarded: 60 after previous_max=4951
693	H4 6481 (8,1_0765.jpg	693	693	4963,4964,4965,4966,4967,4968,4969,4970,4971,4972	4963,4964,4965,4966,4967,4968,4969,4970,4971,4972	
694	H4 6481 (8,1_0766.jpg	694	694	4973,4974,4975,4976,4977,4978,4979	4973,4974,4975,4976,4977,4978,4979	
695	H4 6481 (8,1_0767.jpg	695	695	4980,4981,4982,4983,4984,4985,4986,4987	4980,4981,4982,4983,4984,4985,4986,4987	
696	H4 6481 (8,1_0768.jpg	696	696	4988,4989,4990,4991,4992,4993,4994,4995,4996,4997,4998,4999	4988,4989,4990,4991,4992,4993,4994,4995,4996,4997,4998,4999	
697	H4 6481 (8,1_0769.jpg	697	697	5001,5002,5003,5004,5005	5001,5002,5003,5004,5005	
698	H4 6481 (8,1_0770.jpg	698	698	5006,5008,5010,5011,5012,5013,5014	5006,5008,5010,5011,5012,5013,5014	
699	H4 6481 (8,1_0771.jpg	699	699	5015,5016,5017,5019	5015,5016,5017,5019	
700	H4 6481 (8,1_0772.jpg	700	700	5020,5021,5022,5023,5024,5025,5026,5027,5028,5029,5030	5020,5021,5022,5023,5024,5025,5026,5027,5028,5029,5030	
701	H4 6481 (8,1_0773.jpg	701	701	5031,5032,5033,5034,5035,5036,5037	5031,5032,5033,5034,5035,5036,5037	
702	H4 6481 (8,1_0774.jpg	702	702	5038,5039,5040,5041,5042,5043,5044,5045,5046,5047	5038,5039,5040,5041,5042,5043,5044,5045,5046,5047	
703	H4 6481 (8,1_0775.jpg	703	703	5048,5049,5050	5048,5049,5050	
704	H4 6481 (8,1_0776.jpg	None	704	54,5051,5052,5055	5051,5052,5054,5055	page normalized: None -> 704 | entry corrected: 54 -> 5054
705	H4 6481 (8,1_0777.jpg	705	705	5056,5057,5058,5059,5060,5061,5062,5063,5064	5056,5057,5058,5059,5060,5061,5062,5063,5064	
706	H4 6481 (8,1_0778.jpg	706	706	5065,5066,5067,5068,5069,5070,5071,5072	5065,5066,5067,5068,5069,5070,5071,5072	
707	H4 6481 (8,1_0779.jpg	707	707	75,76,5073,5074,5077,5078,5079,5080	5073,5074,5075,5076,5077,5078,5079,5080	entry corrected: 75 -> 5075 | entry corrected: 76 -> 5076
708	H4 6481 (8,1_0780.jpg	708	708	5081,5082,5083,5084,5085,5086,5087,5088,5089,5090,5091,5092,5093,5094,5095,5096,5097,5098	5081,5082,5083,5084,5085,5086,5087,5088,5089,5090,5091,5092,5093,5094,5095,5096,5097,5098	
709	H4 6481 (8,1_0781.jpg	709	709	5099,5100,5101,5102	5099,5100,5101,5102	
710	H4 6481 (8,1_0782.jpg	710	710	5103,5104,5105,5106,5107,5108,5109,5111,5112,5113,5114	5103,5104,5105,5106,5107,5108,5109,5111,5112,5113,5114	
711	H4 6481 (8,1_0783.jpg	711	711	5115,5116,5117,5118,5119,5120,5121,5122,5123,5124,5125	5115,5116,5117,5118,5119,5120,5121,5122,5123,5124,5125	
712	H4 6481 (8,1_0784.jpg	712	712	5126,5127,5128,5129,5130,5131,5132,5133,5134	5126,5127,5128,5129,5130,5131,5132,5133,5134	
713	H4 6481 (8,1_0785.jpg	713	713	5135,5136,5137,5138,5139,5140,5141,5142	5135,5136,5137,5138,5139,5140,5141,5142	
714	H4 6481 (8,1_0786.jpg	714	714	5143,5144,5145,5146	5143,5144,5145,5146	
715	H4 6481 (8,1_0787.jpg	715	715	5147,5148,5149,5150,5151,5152,5153,5154,5155,5156	5147,5148,5149,5150,5151,5152,5153,5154,5155,5156	
716	H4 6481 (8,1_0788.jpg	716	716			
717	H4 6481 (8,1_0789.jpg	717	717			
718	H4 6481 (8,1_0790.jpg	718	718	5157,5158,5159,5160	5157,5158,5159,5160	
719	H4 6481 (8,1_0791.jpg	719	719	5161,5162,5163,5164,5165,5166,5167	5161,5162,5163,5164,5165,5166,5167	
720	H4 6481 (8,1_0792.jpg	720	720	5168,5169,5170,5171	5168,5169,5170,5171	
721	H4 6481 (8,1_0793.jpg	721	721	5172,5173,5174,5175,5176	5172,5173,5174,5175,5176	
722	H4 6481 (8,1_0794.jpg	722	722	5177,5178,5179,5180,5181,5182,5183,5184,5185,5186,5187,5188,5189	5177,5178,5179,5180,5181,5182,5183,5184,5185,5186,5187,5188,5189	
723	H4 6481 (8,1_0795.jpg	725	723	5190,5191,5192,5193,5194,5195	5190,5191,5192,5193,5194,5195	page normalized: 725 -> 723
724	H4 6481 (8,1_0796.jpg	724	724	5196,5197,5198,5199,5200,5201,5202,5203,5204,5205,5206,5207	5196,5197,5198,5199,5200,5201,5202,5203,5204,5205,5206,5207	
725	H4 6481 (8,1_0797.jpg	None	725	5208,5209,5210,5211,5212,5213	5208,5209,5210,5211,5212,5213	page normalized: None -> 725
726	H4 6481 (8,1_0798.jpg	726	726	5214,5215	5214,5215	
727	H4 6481 (8,1_0799.jpg	None	727			page normalized: None -> 727
728	H4 6481 (8,1_0800.jpg	728	728	5216	5216	
729	H4 6481 (8,1_0801.jpg	729	729	5217,5218,5219,5220,5221,5222,5223,5224,5225,5226,5227,5228	5217,5218,5219,5220,5221,5222,5223,5224,5225,5226,5227,5228	
730	H4 6481 (8,1_0802.jpg	730	730	5229,5230	5229,5230	
731	H4 6481 (8,1_0803.jpg	None	731	5232,5233,5234	5232,5233,5234	page normalized: None -> 731
732	H4 6481 (8,1_0804.jpg	None	732	5235,5236,5237,5238,5239,5240	5235,5236,5237,5238,5239,5240	page normalized: None -> 732
733	H4 6481 (8,1_0805.jpg	133	733	5241,5242,5243	5241,5242,5243	page normalized: 133 -> 733
734	H4 6481 (8,1_0806.jpg	734	734	5244,5245,5246,5250,5251,5252,5253,5254,5255	5244,5245,5246,5250,5251,5252,5253,5254,5255	
735	H4 6481 (8,1_0807.jpg	735	735	5256,5257,5258,5259,5260,5261,5262,5263,5264,5267,5268,5269	5256,5257,5258,5259,5260,5261,5262,5263,5264,5267,5268,5269	
736	H4 6481 (8,1_0808.jpg	736	736	5270,5271,5272,5273,5274,5275,5276,5277	5270,5271,5272,5273,5274,5275,5276,5277	
737	H4 6481 (8,1_0809.jpg	737	737	5278,5279,5280,5281,5282,5283,5284	5278,5279,5280,5281,5282,5283,5284	
738	H4 6481 (8,1_0810.jpg	738	738	5285,5286,5287	5285,5286,5287	
739	H4 6481 (8,1_0811.jpg	739	739	5288,5289,5290,5291,5292	5288,5289,5290,5291,5292	
740	H4 6481 (8,1_0812.jpg	740	740	5293,5294,5295,5296,5297,5298,5299,5300	5293,5294,5295,5296,5297,5298,5299,5300	
741	H4 6481 (8,1_0813.jpg	741	741	5301,5302,5303,5304,5305,5306	5301,5302,5303,5304,5305,5306	
742	H4 6481 (8,1_0814.jpg	742	742	5307,5308,5309,5310,5311,5312,5313,5314,5315	5307,5308,5309,5310,5311,5312,5313,5314,5315	
743	H4 6481 (8,1_0815.jpg	743	743	5316,5317,5318,5319,5320,5321,5322,5323,5324,5326,5327,5328	5316,5317,5318,5319,5320,5321,5322,5323,5324,5326,5327,5328	
744	H4 6481 (8,1_0816.jpg	744	744	5329,5330,5331,5332,5333,5334,5336,5337,5338,5339,5340,5341,5342,5343	5329,5330,5331,5332,5333,5334,5336,5337,5338,5339,5340,5341,5342,5343	
745	H4 6481 (8,1_0817.jpg	745	745	5344,5345,5346,5347,5348,5350,5351,5352,5353,5354	5344,5345,5346,5347,5348,5350,5351,5352,5353,5354	
746	H4 6481 (8,1_0818.jpg	746	746	5355,5356,5357,5358,5359,5360,5361	5355,5356,5357,5358,5359,5360,5361	
747	H4 6481 (8,1_0819.jpg	747	747	5362,5363,5364,5365,5366	5362,5363,5364,5365,5366	
748	H4 6481 (8,1_0820.jpg	748	748	5367,5368,5369,5370,5371,5372,5373,5375,5376,5377	5367,5368,5369,5370,5371,5372,5373,5375,5376,5377	
749	H4 6481 (8,1_0821.jpg	749	749	5378,5379,5380,5381,5382,5383,5384,5385,5386,5387,5388,5389	5378,5379,5380,5381,5382,5383,5384,5385,5386,5387,5388,5389	
750	H4 6481 (8,1_0822.jpg	750	750	5390,5391,5392,5394,5395,5396,5397,5398,5399,5400,5401	5390,5391,5392,5394,5395,5396,5397,5398,5399,5400,5401	
751	H4 6481 (8,1_0823.jpg	751	751	5402,5403,5404,5405,5406	5402,5403,5404,5405,5406	
752	H4 6481 (8,1_0824.jpg	None	752	5407,5408,5409,5410,5411,5412,5413,5414	5407,5408,5409,5410,5411,5412,5413,5414	page normalized: None -> 752
753	H4 6481 (8,1_0825.jpg	753	753	5415,5416,5417,5418,5419,5420,5421	5415,5416,5417,5418,5419,5420,5421	
754	H4 6481 (8,1_0826.jpg	754	754	5422,5423,5424,5425,5426,5427,5428,5429,5430,5431,5432	5422,5423,5424,5425,5426,5427,5428,5429,5430,5431,5432	
755	H4 6481 (8,1_0827.jpg	155	755	5433,5434,5435,5436,5437,5438,5439,5440,5441,5442,5443,5444,5445	5433,5434,5435,5436,5437,5438,5439,5440,5441,5442,5443,5444,5445	page normalized: 155 -> 755
756	H4 6481 (8,1_0828.jpg	756	756	5446,5447,5448,5449	5446,5447,5448,5449	
757	H4 6481 (8,1_0829.jpg	None	757	5450,5451,5452,5453,5454,5455	5450,5451,5452,5453,5454,5455	page normalized: None -> 757
758	H4 6481 (8,1_0830.jpg	758	758	5456,5457,5458	5456,5457,5458	
759	H4 6481 (8,1_0831.jpg	759	759	5459,5460	5459,5460	
760	H4 6481 (8,1_0832.jpg	760	760	5461	5461	
761	H4 6481 (8,1_0833.jpg	761	761	5462,5463,5464,5465,5466,5467,5468,5469	5462,5463,5464,5465,5466,5467,5468,5469	
762	H4 6481 (8,1_0834.jpg	762	762	5470,5471,5472,5473,5474	5470,5471,5472,5473,5474	
763	H4 6481 (8,1_0835.jpg	763	763	5475,5476,5477,5478,5479,5480,5481,5482	5475,5476,5477,5478,5479,5480,5481,5482	
764	H4 6481 (8,1_0836.jpg	764	764	5,5483	5483	entry discarded: 5 (too small)
765	H4 6481 (8,1_0837.jpg	765	765	5484,5485,5486,5487,5488	5484,5485,5486,5487,5488	
766	H4 6481 (8,1_0838.jpg	766	766	5489,5490,5491,5492,5493,5494,5495,5496,5497	5489,5490,5491,5492,5493,5494,5495,5496,5497	
767	H4 6481 (8,1_0839.jpg	767	767	5498,5499,5500,5501,5502,5503,5504	5498,5499,5500,5501,5502,5503,5504	
768	H4 6481 (8,1_0840.jpg	768	768	5505,5506,5507,5508,5509	5505,5506,5507,5508,5509	
769	H4 6481 (8,1_0841.jpg	769	769	5510,5511,5512,5513,5514	5510,5511,5512,5513,5514	
770	H4 6481 (8,1_0842.jpg	770	770	5515,5516,5517,5518	5515,5516,5517,5518	
771	H4 6481 (8,1_0843.jpg	None	771	5520,5521	5520,5521	page normalized: None -> 771
772	H4 6481 (8,1_0844.jpg	None	772	5522,5523,5524,5525,5526,5527,5528,5529,5530	5522,5523,5524,5525,5526,5527,5528,5529,5530	page normalized: None -> 772
773	H4 6481 (8,1_0845.jpg	773	773	5531,5532,5533,5534	5531,5532,5533,5534	
774	H4 6481 (8,1_0846.jpg	774	774	5535,5536,5537,5538	5535,5536,5537,5538	
775	H4 6481 (8,1_0847.jpg	775	775	5540,5541,5542,5543	5540,5541,5542,5543	
776	H4 6481 (8,1_0848.jpg	776	776	5544,5545,5546,5547,5548,5549,5550,5551,5552,5553,5554,5555	5544,5545,5546,5547,5548,5549,5550,5551,5552,5553,5554,5555	
777	H4 6481 (8,1_0849.jpg	None	777	5556,5557	5556,5557	page normalized: None -> 777
778	H4 6481 (8,1_0850.jpg	778	778	5558	5558	
779	H4 6481 (8,1_0851.jpg	779	779	5559,5560,5561,5562,5563,5564,5565,5566,5567	5559,5560,5561,5562,5563,5564,5565,5566,5567	
780	H4 6481 (8,1_0852.jpg	780	780	5568,5569,5570,5571,5572,5573	5568,5569,5570,5571,5572,5573	
781	H4 6481 (8,1_0853.jpg	781	781	5574,5575,5577,5578,5579,5580,5581,5582,5583,5584,5585	5574,5575,5577,5578,5579,5580,5581,5582,5583,5584,5585	
782	H4 6481 (8,1_0854.jpg	782	782	5586,5587,5588,5589,5590,5591,5592,5593	5586,5587,5588,5589,5590,5591,5592,5593	
783	H4 6481 (8,1_0855.jpg	783	783	5594,5595	5594,5595	
784	H4 6481 (8,1_0856.jpg	784	784	5596,5597,5598,5599	5596,5597,5598,5599	
785	H4 6481 (8,1_0857.jpg	785	785	5600,5601,5602,5603,5604,5605,5606,5607,5608	5600,5601,5602,5603,5604,5605,5606,5607,5608	
786	H4 6481 (8,1_0858.jpg	786	786	5609,5610,5611,5612,5613,5614	5609,5610,5611,5612,5613,5614	
787	H4 6481 (8,1_0859.jpg	787	787	5615,5616,5617	5615,5616,5617	
788	H4 6481 (8,1_0860.jpg	788	788	5618,5619,5620,5621,5622,5623,5624,5625,5626,5627,5628,5629,5630,5631	5618,5619,5620,5621,5622,5623,5624,5625,5626,5627,5628,5629,5630,5631	
789	H4 6481 (8,1_0861.jpg	789	789	5632,5633,5634,5635,5636,5637	5632,5633,5634,5635,5636,5637	
790	H4 6481 (8,1_0862.jpg	790	790	5638,5639,5640,5641,5643,5644,5645,5646	5638,5639,5640,5641,5643,5644,5645,5646	
791	H4 6481 (8,1_0863.jpg	791	791	5647,5648,5649,5650,5651,5652,5653	5647,5648,5649,5650,5651,5652,5653	
792	H4 6481 (8,1_0864.jpg	792	792	5654,5655,5656,5657,5658	5654,5655,5656,5657,5658	
793	H4 6481 (8,1_0865.jpg	793	793	5659,5660,5661,5662,5663,5664,5665,5666,5667	5659,5660,5661,5662,5663,5664,5665,5666,5667	
794	H4 6481 (8,1_0866.jpg	794	794	5668,5669,5670,5671,5673,5674,5675,5676,5677,5678,5679	5668,5669,5670,5671,5673,5674,5675,5676,5677,5678,5679	
795	H4 6481 (8,1_0867.jpg	795	795	5680,5681,5682,5683,5684,5685,5686,5687,5688,5689	5680,5681,5682,5683,5684,5685,5686,5687,5688,5689	
796	H4 6481 (8,1_0868.jpg	796	796	5690,5691	5690,5691	
797	H4 6481 (8,1_0869.jpg	797	797	5692,5693,5694,5695,5696,5697,5698,5699,5700	5692,5693,5694,5695,5696,5697,5698,5699,5700	
798	H4 6481 (8,1_0870.jpg	798	798	5701,5702,5703	5701,5702,5703	
799	H4 6481 (8,1_0871.jpg	799	799	5704,5705,5706,5707,5708,5709,5710	5704,5705,5706,5707,5708,5709,5710	
800	H4 6481 (8,1_0872.jpg	800	800	5711,5712,5713,5714,5715,5716,5717	5711,5712,5713,5714,5715,5716,5717	
801	H4 6481 (8,1_0873.jpg	801	801	5719,5720,5721,5722,5723,5724,5725,5726,5727	5719,5720,5721,5722,5723,5724,5725,5726,5727	
802	H4 6481 (8,1_0874.jpg	802	802	5728,5729,5730,5731,5732,5733,5734,5735,5736	5728,5729,5730,5731,5732,5733,5734,5735,5736	
803	H4 6481 (8,1_0875.jpg	803	803	5737,5738,5739,5740,5741,5742,5743,5744,5745,5746	5737,5738,5739,5740,5741,5742,5743,5744,5745,5746	
804	H4 6481 (8,1_0876.jpg	804	804	5747,5748,5749,5750,5751,5752	5747,5748,5749,5750,5751,5752	
805	H4 6481 (8,1_0877.jpg	805	805	5753,5754,5755,5756,5757,5758	5753,5754,5755,5756,5757,5758	
806	H4 6481 (8,1_0878.jpg	806	806	5759,5760,5761,5762,5763,5764,5765,5766,5767	5759,5760,5761,5762,5763,5764,5765,5766,5767	
807	H4 6481 (8,1_0879.jpg	807	807	5768,5769,5770,5772,5773,5774,5775,5776	5768,5769,5770,5772,5773,5774,5775,5776	
808	H4 6481 (8,1_0880.jpg	808	808	5777,5778,5779,5780,5781,5782,5783,5784,5785,5786	5777,5778,5779,5780,5781,5782,5783,5784,5785,5786	
809	H4 6481 (8,1_0881.jpg	809	809			
810	H4 6481 (8,1_0882.jpg	810	810			
811	H4 6481 (8,1_0883.jpg	811	811	5787,5788,5789,5790,5791	5787,5788,5789,5790,5791	
812	H4 6481 (8,1_0884.jpg	812	812	5792,5793,5794,5795,5796,5797,5798	5792,5793,5794,5795,5796,5797,5798	
813	H4 6481 (8,1_0885.jpg	813	813	5799,5800,5801	5799,5800,5801	
814	H4 6481 (8,1_0886.jpg	814	814	5802,5803,5804	5802,5803,5804	
815	H4 6481 (8,1_0887.jpg	815	815	5805,5806,5807,5808,5809,5810,5811,5812,5813,5814,5815	5805,5806,5807,5808,5809,5810,5811,5812,5813,5814,5815	
816	H4 6481 (8,1_0888.jpg	816	816	5816,5817,5818,5819,5820,5821,5822,5823,5824,5825	5816,5817,5818,5819,5820,5821,5822,5823,5824,5825	
817	H4 6481 (8,1_0889.jpg	817	817	5826,5827,5828,5829,5830,5831,5832,5833,5834,5835,5836	5826,5827,5828,5829,5830,5831,5832,5833,5834,5835,5836	
818	H4 6481 (8,1_0890.jpg	818	818	5837,5838,5839,5840,5841,5842,5843,5844,5845,5846	5837,5838,5839,5840,5841,5842,5843,5844,5845,5846	
819	H4 6481 (8,1_0891.jpg	819	819	5847,5848,5849,5850,5851,5853,5854,5855,5856,5857,5858,5859	5847,5848,5849,5850,5851,5853,5854,5855,5856,5857,5858,5859	
820	H4 6481 (8,1_0892.jpg	820	820	5860,5861,5862,5863,5864	5860,5861,5862,5863,5864	
821	H4 6481 (8,1_0893.jpg	821	821	5865,5866,5867,5868,5869,5870,5871	5865,5866,5867,5868,5869,5870,5871	
822	H4 6481 (8,1_0894.jpg	822	822	5872,5873,5874,5875,5876,5877,5878,5879,5880	5872,5873,5874,5875,5876,5877,5878,5879,5880	
823	H4 6481 (8,1_0895.jpg	823	823	5881,5882,5883,5884	5881,5882,5883,5884	
824	H4 6481 (8,1_0896.jpg	824	824	5885,5886,5887,5888,5889,5890,5891,5892	5885,5886,5887,5888,5889,5890,5891,5892	
825	H4 6481 (8,1_0897.jpg	825	825	5893,5894,5895,5896	5893,5894,5895,5896	
826	H4 6481 (8,1_0898.jpg	826	826	5897,5898,5900,5901,5902,5903,5904	5897,5898,5900,5901,5902,5903,5904	
827	H4 6481 (8,1_0899.jpg	827	827	5905,5906,5907,5908,5909,5910,5911,5912,5913,5914,5915,5916,5917,5918,5919	5905,5906,5907,5908,5909,5910,5911,5912,5913,5914,5915,5916,5917,5918,5919	
828	H4 6481 (8,1_0900.jpg	828	828	5920,5921,5922,5923,5924,5925,5926,5927,5928,5929,5930	5920,5921,5922,5923,5924,5925,5926,5927,5928,5929,5930	
829	H4 6481 (8,1_0901.jpg	829	829	5931,5932,5933,5934,5935,5936,5937,5938,5939,5940,5941,5942,5943	5931,5932,5933,5934,5935,5936,5937,5938,5939,5940,5941,5942,5943	
830	H4 6481 (8,1_0902.jpg	830	830	5944,5945,5946,5947,5948,5949,5950,5951,5952	5944,5945,5946,5947,5948,5949,5950,5951,5952	
831	H4 6481 (8,1_0903.jpg	831	831	5953,5954,5955,5956,5957,5958,5959,5960,5961	5953,5954,5955,5956,5957,5958,5959,5960,5961	
832	H4 6481 (8,1_0904.jpg	832	832	61,5962,5963,5964,5966	5962,5963,5964,5966	entry discarded: 61 after previous_max=5961
833	H4 6481 (8,1_0905.jpg	833	833	5967,5968,5969,5970,5971,5972,5973,5974,5975	5967,5968,5969,5970,5971,5972,5973,5974,5975	
834	H4 6481 (8,1_0906.jpg	834	834	5976,5977	5976,5977	
835	H4 6481 (8,1_0907.jpg	835	835			
836	H4 6481 (8,1_0908.jpg	None	836	551,983,5979,5980,5981,5982,5984	5979,5980,5981,5982,5983,5984	page normalized: None -> 836 | entry discarded: 551 after previous_max=5977 | entry corrected: 983 -> 5983
837	H4 6481 (8,1_0909.jpg	None	837			page normalized: None -> 837
838	H4 6481 (8,1_0910.jpg	None	838			page normalized: None -> 838
839	H4 6481 (8,1_0911.jpg	None	839			page normalized: None -> 839
